coffee_H_mean,coffee_H_std,coffee_S_mean,coffee_S_std,coffee_V_mean,coffee_V_std,coffee_L_mean,coffee_L_std,coffee_A_mean,coffee_A_std,coffee_Bl_mean,coffee_Bl_std,coffee_grey_mean,coffee_grey_std,paper_V_mean,paper_V_std,paper_L_mean,paper_L_std,flash,agtron
76.588,79.959,89.302,27.526,37.808,18.331,27.086,17.416,133.76,3.151,130.548,3.295,29.074,14.893,180.652,2.125,171.285,1.654,0,Agtron 25
53.522,72.518,85.334,30.746,36.735,17.594,26.72,16.499,133.026,2.966,130.98,3.433,28.716,14.033,180.652,2.125,171.285,1.654,0,Agtron 25
54.865,73.059,83.969,32.992,38.878,21.534,28.898,20.558,133.135,3.291,131.15,3.764,30.58,17.598,180.652,2.125,171.285,1.654,0,Agtron 25
58.338,74.367,85.061,32.101,38.763,21.057,28.567,20.025,133.273,3.259,131.061,3.853,30.319,17.111,180.652,2.125,171.285,1.654,0,Agtron 25
59.085,74.746,82.23,29.898,36.208,18.798,26.517,18.05,132.779,2.935,130.673,3.409,28.584,15.386,180.652,2.125,171.285,1.654,0,Agtron 25
92.65,69.615,73.003,31.95,30.043,17.933,21.343,16.958,131.614,3.232,128.776,3.37,24.004,14.781,178.874,2.132,177.843,1.598,0,Agtron 25
85.382,69.348,67.625,33.575,28.809,17.565,20.749,16.742,131.109,3.061,128.872,3.339,23.444,14.552,178.874,2.132,177.843,1.598,0,Agtron 25
89.82,65.671,63.525,33.035,28.745,16.741,21.1,16.469,130.787,2.897,128.376,3.174,23.74,14.345,178.874,2.132,177.843,1.598,0,Agtron 25
75.391,71.683,76.471,35.932,31.306,18.374,22.177,16.983,131.978,3.47,129.68,3.751,24.713,14.74,178.874,2.132,177.843,1.598,0,Agtron 25
90.694,69.495,66.563,30.851,29.079,17.397,21.119,17.294,131.091,2.836,128.593,3.035,23.856,15.062,178.874,2.132,177.843,1.598,0,Agtron 25
79.959,70.783,70.841,33.609,30.108,17.589,21.698,17.016,131.443,3.076,129.18,3.297,24.32,14.831,178.874,2.132,177.843,1.598,0,Agtron 25
75.626,69.709,71.968,34.538,30.223,17.314,21.601,16.085,131.473,3.187,129.343,3.528,24.227,13.891,178.874,2.132,177.843,1.598,0,Agtron 25
80.829,70.768,74.692,33.765,31.148,18.659,22.307,17.596,131.728,3.324,129.305,3.602,24.822,15.289,178.874,2.132,177.843,1.598,0,Agtron 25
29.102,56.432,108.021,30.868,48.504,24.029,35.498,21.95,135.27,3.487,134.087,4.594,36.11,18.662,178.88,2.021,178.674,1.389,0,Agtron 35
31.08,58.22,110.116,32.045,49.182,26.967,35.844,24.461,135.347,3.696,134.47,5.298,36.449,20.981,178.88,2.021,178.674,1.389,0,Agtron 35
28.094,55.314,112.434,32.432,45.836,23.432,32.512,20.736,135.212,3.682,134.201,5.092,33.549,17.521,178.88,2.021,178.674,1.389,0,Agtron 35
26.115,53.136,114.275,31.767,48.883,25.287,35.176,22.72,135.565,3.707,134.757,5.183,35.821,19.322,178.88,2.021,178.674,1.389,0,Agtron 35
29.296,56.392,109.201,29.113,47.845,22.403,34.894,20.398,135.196,3.292,134.135,4.564,35.572,17.207,178.88,2.021,178.674,1.389,0,Agtron 35
28.611,55.693,119.13,30.531,52.815,25.822,38.231,23.322,136.36,3.774,135.495,5.302,38.327,19.842,177.927,1.998,177.249,1.451,0,Agtron 35
24.297,51.168,120.266,30.018,51.017,25.617,36.471,23.008,136.151,3.69,135.462,5.282,36.89,19.576,177.927,1.998,177.249,1.451,0,Agtron 35
22.346,47.337,124.29,32.183,56.147,27.038,40.78,24.192,136.849,3.932,136.669,5.804,40.458,20.557,177.927,1.998,177.249,1.451,0,Agtron 35
19.348,43.718,124.568,30.327,54.364,26.054,39.261,23.732,136.619,3.701,136.277,5.213,39.223,20.235,177.927,1.998,177.249,1.451,0,Agtron 35
23.066,49.124,121.127,30.914,53.507,26.588,38.794,23.885,136.314,3.762,136.007,5.591,38.819,20.301,177.927,1.998,177.249,1.451,0,Agtron 35
19.328,43.579,123.583,29.128,54.558,25.363,39.69,23.399,136.509,3.56,136.167,5.036,39.568,19.905,177.927,1.998,177.249,1.451,0,Agtron 35
13.374,27.431,141.993,27.032,67.939,30.538,50.173,27.901,138.297,3.602,140.538,6.72,48.372,24.04,179.112,1.82,177.377,1.569,0,Agtron 45
14.502,30.736,142.498,28.614,68.447,30.893,50.248,27.665,138.606,3.785,140.747,7.082,48.377,23.768,179.112,1.82,177.377,1.569,0,Agtron 45
13.102,26.674,143.093,27.786,69.443,30.634,51.229,27.653,138.63,3.706,140.957,6.94,49.217,23.77,179.112,1.82,177.377,1.569,0,Agtron 45
13.201,27.743,141.144,29.301,65.302,29.397,47.716,26.211,138.212,3.779,139.973,6.725,46.192,22.397,179.112,1.82,177.377,1.569,0,Agtron 45
12.723,26.081,142.55,28.466,67.251,30.378,49.268,27.121,138.433,3.824,140.583,7.11,47.537,23.212,179.112,1.82,177.377,1.569,0,Agtron 45
12.662,25.944,142.421,29.233,69.223,33.075,51.134,30.275,138.459,3.764,140.738,7.32,49.291,26.265,179.112,1.82,177.377,1.569,0,Agtron 45
12.494,24.65,142.818,27.808,70.516,30.439,52.23,27.499,138.72,3.606,141.063,6.783,50.093,23.643,179.112,1.82,177.377,1.569,0,Agtron 45
14.266,29.974,141.588,28.825,70.545,33.783,52.248,30.273,138.554,3.865,141.141,7.842,50.217,26.131,179.112,1.82,177.377,1.569,0,Agtron 45
14.813,30.706,143.015,27.823,70.386,31.619,52.073,28.378,138.634,3.664,141.207,7.192,49.959,24.389,179.112,1.82,177.377,1.569,0,Agtron 45
13.827,29.496,145.197,26.862,67.577,30.257,49.076,26.925,138.803,3.765,140.811,7.074,47.342,23.045,179.112,1.82,177.377,1.569,0,Agtron 45
12.104,19.395,154.292,24.837,83.098,34.431,62.203,31.921,140.187,3.579,144.869,7.602,58.666,27.98,178.13,2.162,178.202,1.268,0,Agtron 55
11.673,19.766,153.649,24.702,79.186,33.572,58.55,30.871,140.131,3.709,143.875,7.518,55.477,26.914,178.13,2.162,178.202,1.268,0,Agtron 55
13.429,25.872,152.1,26.372,78.649,36.25,58.2,32.966,139.832,4.083,143.753,8.177,55.275,28.728,178.13,2.162,178.202,1.268,0,Agtron 55
12.881,23.822,150.829,26.898,76.268,34.795,56.525,31.634,139.397,3.854,143.238,7.983,53.788,27.515,178.13,2.162,178.202,1.268,0,Agtron 55
12.048,21.328,152.887,26.401,78.01,34.385,57.596,31.124,139.881,3.86,143.743,7.965,54.661,26.974,178.13,2.162,178.202,1.268,0,Agtron 55
13.189,24.277,151.504,25.768,79.297,34.783,59.146,31.961,139.696,3.753,143.807,7.732,56.064,27.886,178.13,2.162,178.202,1.268,0,Agtron 55
11.729,19.971,152.468,24.524,79.473,33.741,58.989,31.144,140.032,3.745,143.738,7.405,55.898,27.144,178.13,2.162,178.202,1.268,0,Agtron 55
12.352,21.665,149.921,24.661,79.815,34.592,59.886,32.092,139.566,3.73,143.707,7.698,56.751,28.011,178.13,2.162,178.202,1.268,0,Agtron 55
11.661,17.946,154.138,24.348,80.043,34.674,59.636,31.87,139.803,3.735,144.269,7.731,56.448,27.777,178.13,2.162,178.202,1.268,0,Agtron 55
12.027,11.148,163.622,22.689,92.091,35.072,69.773,32.424,140.686,3.412,148.521,7.999,65.04,28.685,178.46,1.89,179.238,1.651,0,Agtron 65
12.289,11.166,158.837,24.261,91.202,36.208,70.225,33.881,139.689,3.508,147.892,8.215,65.61,30.024,178.46,1.89,179.238,1.651,0,Agtron 65
12.248,10.615,160.184,24.832,91.845,36.718,70.539,34.224,139.839,3.509,148.183,8.351,65.872,30.23,178.46,1.89,179.238,1.651,0,Agtron 65
12.231,12.026,159.236,24.056,89.991,36.415,68.976,34.007,139.727,3.548,147.678,8.426,64.514,30.055,178.46,1.89,179.238,1.651,0,Agtron 65
12.339,14.217,158.743,24.591,88.797,35.748,67.725,33.239,139.866,3.553,147.278,8.309,63.38,29.271,178.46,1.89,179.238,1.651,0,Agtron 65
12.381,12.897,159.471,24.074,91.501,36.356,70.15,34.112,139.964,3.469,147.877,8.126,65.558,30.171,178.46,1.89,179.238,1.651,0,Agtron 65
12.401,12.032,159.664,25.299,90.177,37.82,69.165,35.031,139.588,3.85,147.852,8.712,64.694,30.883,178.46,1.89,179.238,1.651,0,Agtron 65
12.348,16.047,156.79,24.919,86.465,37.06,65.769,34.509,139.645,3.558,146.388,8.37,61.808,30.447,178.46,1.89,179.238,1.651,0,Agtron 65
12.838,14.363,159.679,24.712,90.7,35.656,69.573,33.188,139.796,3.682,148.013,8.147,64.953,29.287,178.46,1.89,179.238,1.651,0,Agtron 65
12.612,13.785,157.608,24.606,90.139,36.52,69.364,34.067,139.545,3.563,147.584,8.324,64.873,30.081,178.46,1.89,179.238,1.651,0,Agtron 65
12.661,16.231,157.994,24.584,85.982,35.486,65.41,32.987,139.565,3.59,146.586,8.179,61.37,28.945,178.46,1.89,179.238,1.651,0,Agtron 65
12.123,11.822,163.227,22.354,90.192,35.708,68.328,33.041,140.35,3.568,148.01,8.107,63.836,29.106,180.217,3.435,176.172,3.196,0,Agtron 65
12.648,15.447,160.807,24.142,89.839,36.184,68.255,33.602,140.189,3.742,147.658,8.075,63.827,29.67,180.217,3.435,176.172,3.196,0,Agtron 65
11.925,11.263,161.177,23.621,86.745,37.808,65.694,34.88,139.712,3.619,147.093,8.636,61.69,30.712,180.217,3.435,176.172,3.196,0,Agtron 65
12.313,11.057,161.856,23.797,89.32,37.317,68.25,34.632,139.624,3.778,147.912,8.645,63.852,30.482,180.217,3.435,176.172,3.196,0,Agtron 65
11.829,10.905,163.604,22.405,88.942,36.397,67.095,33.631,140.326,3.627,147.775,8.333,62.778,29.592,180.217,3.435,176.172,3.196,0,Agtron 65
12.169,15.112,160.843,24.674,86.231,36.638,64.819,33.492,140.114,3.982,146.878,8.537,60.812,29.335,180.217,3.435,176.172,3.196,0,Agtron 65
11.575,10.195,164.678,22.231,87.052,35.182,65.201,32.443,140.422,3.602,147.477,8.186,61.047,28.445,180.217,3.435,176.172,3.196,0,Agtron 65
12.16,13.402,161.08,24.074,88.052,35.806,66.814,33.673,139.997,3.673,147.196,7.983,62.587,29.716,180.217,3.435,176.172,3.196,0,Agtron 65
11.727,10.375,161.606,22.49,86.319,35.539,65.172,32.706,139.91,3.57,147.086,8.183,61.093,28.71,180.217,3.435,176.172,3.196,0,Agtron 65
11.987,9.624,160.431,22.317,88.945,33.446,67.996,31.406,139.824,3.44,147.479,7.492,63.521,27.582,180.217,3.435,176.172,3.196,0,Agtron 65
12.406,10.934,160.16,23.073,93.096,35.211,71.792,33.301,139.881,3.618,148.478,7.953,66.915,29.452,180.217,3.435,176.172,3.196,0,Agtron 65
12.06,10.433,159.989,24.057,90.327,35.077,69.24,33.307,139.865,3.715,147.68,7.79,64.704,29.437,180.217,3.435,176.172,3.196,0,Agtron 65
12.312,10.501,160.898,23.932,90.795,34.83,69.579,32.377,139.872,3.513,148.131,7.978,64.911,28.522,180.217,3.435,176.172,3.196,0,Agtron 65
12.731,6.866,164.377,23.576,101.872,38.47,79.3,36.573,140.248,3.337,150.893,8.144,73.668,32.895,178.553,2.077,179.156,1.475,0,Agtron 75
12.829,6.888,162.729,24.082,107.233,41.734,84.004,39.22,140.365,3.376,151.713,8.682,78.092,35.41,178.553,2.077,179.156,1.475,0,Agtron 75
12.76,11.179,164.436,24.32,102.115,40.352,78.843,38.024,140.746,3.61,150.76,8.58,73.335,34.274,178.553,2.077,179.156,1.475,0,Agtron 75
12.075,6.361,165.931,24.469,99.64,40.172,76.44,37.708,140.774,3.606,150.348,8.75,71.162,33.804,178.553,2.077,179.156,1.475,0,Agtron 75
12.408,10.602,164.861,24.571,96.432,41.565,73.791,38.607,140.357,3.673,149.689,9.248,68.889,34.46,178.553,2.077,179.156,1.475,0,Agtron 75
12.679,8.48,164.182,26.422,103.94,42.574,80.723,40.305,140.531,3.831,151.089,8.768,75.16,36.542,178.553,2.077,179.156,1.475,0,Agtron 75
12.099,8.135,164.601,24.388,98.011,40.676,75.131,37.968,140.577,3.726,149.881,8.907,70.036,33.971,178.553,2.077,179.156,1.475,0,Agtron 75
12.709,8.163,163.75,24.538,106.499,39.751,82.889,37.708,140.85,3.47,151.602,8.126,76.96,34.133,178.553,2.077,179.156,1.475,0,Agtron 75
12.184,7.946,166.562,24.659,100.609,39.786,76.991,37.304,141.087,3.587,150.69,8.619,71.602,33.553,178.553,2.077,179.156,1.475,0,Agtron 75
13.225,9.426,164.234,24.861,105.205,38.641,82.256,36.659,140.358,3.292,151.773,8.244,76.288,33.086,178.553,2.077,179.156,1.475,0,Agtron 75
13.302,7.677,165.559,24.89,105.429,37.287,82.549,35.479,140.289,3.299,152.164,8.06,76.439,31.974,178.553,2.077,179.156,1.475,0,Agtron 75
12.642,7.948,163.205,24.218,99.449,38.053,77.247,36.135,140.12,3.472,150.204,8.154,71.844,32.353,178.553,2.077,179.156,1.475,0,Agtron 75
62.572,72.694,108.108,54.799,36.1,25.834,27.867,26.384,132.041,2.917,130.723,3.876,28.661,23.464,200.299,2.745,201.64,2.73,1,Agtron 25
12.721,29.185,140.244,56.657,44.513,24.358,33.091,25.648,133.83,2.515,133.746,3.696,33.349,22.616,200.299,2.745,201.64,2.73,1,Agtron 25
48.09,66.824,114.799,56.355,39.446,26.6,30.295,26.933,132.551,3.151,131.813,4.564,30.835,23.893,200.299,2.745,201.64,2.73,1,Agtron 25
13.034,29.356,135.221,54.632,46.813,23.641,35.274,25.159,134.049,2.495,134.073,3.694,35.306,22.092,200.299,2.745,201.64,2.73,1,Agtron 25
48.557,67.989,112.033,54.366,39.471,26.192,30.454,26.509,132.517,2.921,131.651,4.099,31.009,23.432,200.299,2.745,201.64,2.73,1,Agtron 25
11.755,26.213,134.839,54.879,45.698,23.542,34.528,25.243,133.782,2.332,133.743,3.353,34.665,22.225,200.299,2.745,201.64,2.73,1,Agtron 25
50.65,68.555,113.273,53.622,38.29,25.796,29.301,26.269,132.478,2.881,131.332,3.939,29.98,23.329,200.299,2.745,201.64,2.73,1,Agtron 25
10.815,23.812,139.445,56.083,46.605,25.302,34.932,27.149,134.054,2.449,133.991,3.706,35.057,23.987,200.299,2.745,201.64,2.73,1,Agtron 25
55.133,70.448,107.363,56.937,40.061,27.267,31.697,28.211,132.29,3.009,131.251,4.059,32.066,25.021,200.299,2.745,201.64,2.73,1,Agtron 25
13.925,31.627,133.733,54.352,47.316,24.289,35.905,25.926,134.003,2.459,134.094,3.788,35.884,22.816,200.299,2.745,201.64,2.73,1,Agtron 25
54.594,70.598,108.468,56.946,39.074,26.709,30.579,27.599,132.266,2.932,131.197,4.121,31.114,24.442,200.299,2.745,201.64,2.73,1,Agtron 25
12.593,27.861,131.071,55.043,48.878,25.281,37.722,26.988,133.929,2.381,134.137,3.734,37.467,23.802,200.299,2.745,201.64,2.73,1,Agtron 25
56.703,71.513,108.053,56.716,37.241,25.217,28.899,25.931,132.143,2.857,130.949,3.797,29.609,22.978,200.299,2.745,201.64,2.73,1,Agtron 25
11.457,26.49,131.716,54.33,47.344,23.912,36.042,25.937,133.989,2.263,133.728,3.325,36.067,22.791,200.299,2.745,201.64,2.73,1,Agtron 25
50.547,68.482,107.861,54.492,40.478,26.689,31.948,27.564,132.377,2.852,131.425,3.97,32.316,24.403,200.299,2.745,201.64,2.73,1,Agtron 25
10.766,22.973,135.283,54.189,47.598,24.083,35.977,25.952,134.128,2.351,134.019,3.423,35.977,22.814,200.299,2.745,201.64,2.73,1,Agtron 25
62.772,72.89,106.589,55.424,37.104,25.946,28.793,26.296,132.125,2.927,130.836,4.05,29.491,23.334,200.299,2.745,201.64,2.73,1,Agtron 25
13.648,32.576,134.39,55.995,47.055,24.573,35.549,26.588,134.107,2.474,133.74,3.555,35.61,23.427,200.299,2.745,201.64,2.73,1,Agtron 25
52.527,69.532,110.737,53.989,40.82,27.189,31.966,27.79,132.597,2.937,131.518,4.11,32.304,24.626,200.299,2.745,201.64,2.73,1,Agtron 25
12.017,26.968,133.846,54.474,48.674,24.962,37.142,26.7,134.161,2.386,134.071,3.58,36.972,23.504,200.299,2.745,201.64,2.73,1,Agtron 25
59.963,72.102,105.129,56.089,38.829,27.054,30.647,27.832,132.141,2.955,130.95,3.963,31.149,24.677,200.299,2.745,201.64,2.73,1,Agtron 25
12.121,28.1,133.853,54.914,46.38,24.352,35.111,25.837,133.87,2.352,133.743,3.498,35.19,22.704,200.299,2.745,201.64,2.73,1,Agtron 25
56.107,71.666,112.276,55.817,37.043,25.424,28.131,25.81,132.408,3.063,131.207,4.071,28.978,22.912,200.299,2.745,201.64,2.73,1,Agtron 25
12.805,29.449,133.718,55.941,46.021,23.965,34.717,25.94,133.902,2.395,133.543,3.375,34.908,22.817,200.299,2.745,201.64,2.73,1,Agtron 25
9.843,6.465,160.625,42.652,59.518,23.8,43.353,24.939,136.925,2.193,139.28,4.896,42.213,21.638,195.606,2.924,194.445,2.972,1,Agtron 35
10.321,8.141,167.255,44.515,61.782,23.977,44.801,25.759,137.476,2.196,140.138,4.688,43.387,22.432,195.606,2.924,194.445,2.972,1,Agtron 35
9.588,6.721,161.04,43.542,57.156,21.854,41.146,23.257,136.814,2.118,138.731,4.631,40.296,20.077,195.606,2.924,194.445,2.972,1,Agtron 35
10.242,6.335,168.927,43.997,61.042,23.734,44.035,25.028,137.421,2.282,140.299,5.073,42.665,21.686,195.606,2.924,194.445,2.972,1,Agtron 35
9.764,7.064,160.544,43.989,58.273,23.007,42.331,24.373,136.784,2.246,138.894,4.616,41.316,21.169,195.606,2.924,194.445,2.972,1,Agtron 35
10.317,7.548,169.924,43.753,60.17,23.258,43.137,24.921,137.425,2.217,140.126,4.832,41.926,21.622,195.606,2.924,194.445,2.972,1,Agtron 35
10.735,14.923,143.6,43.573,58.41,23.473,44.42,24.645,135.663,1.939,137.733,4.636,43.265,21.277,195.606,2.924,194.445,2.972,1,Agtron 35
11.027,11.884,154.271,44.562,60.74,23.287,45.726,24.802,136.219,1.999,139.153,4.604,44.254,21.443,195.606,2.924,194.445,2.972,1,Agtron 35
10.588,6.106,167.695,43.198,63.702,23.436,46.584,25.087,137.576,2.204,140.967,4.74,44.839,21.805,195.606,2.924,194.445,2.972,1,Agtron 35
10.666,4.646,165.222,42.024,58.307,23.355,42.652,24.474,136.314,2.185,139.75,4.999,41.505,21.125,195.606,2.924,194.445,2.972,1,Agtron 35
11.009,9.133,170.562,44.646,61.519,24.358,44.622,26.261,137.281,2.253,140.612,4.966,43.209,22.947,195.606,2.924,194.445,2.972,1,Agtron 35
10.493,6.925,158.761,42.657,61.543,23.609,45.767,24.934,136.685,2.172,139.791,4.795,44.235,21.625,200.379,2.721,201.6,2.734,1,Agtron 35
10.907,7.476,170.993,43.561,61.819,23.229,44.845,24.982,137.351,2.262,140.873,4.892,43.317,21.7,200.379,2.721,201.6,2.734,1,Agtron 35
10.104,6.617,161.399,43.382,58.157,22.752,42.388,24.276,136.606,2.192,139.088,4.495,41.353,21.078,200.379,2.721,201.6,2.734,1,Agtron 35
10.756,4.714,167.273,43.12,64.141,23.437,47.256,25.145,137.371,2.185,141.166,4.88,45.395,21.831,200.379,2.721,201.6,2.734,1,Agtron 35
10.362,7.276,159.742,43.206,59.943,22.401,44.129,24.067,136.714,2.138,139.427,4.433,42.838,20.833,200.379,2.721,201.6,2.734,1,Agtron 35
10.867,7.142,163.811,43.507,63.337,23.476,46.93,25.258,137.091,2.175,140.656,4.678,45.175,21.996,200.379,2.721,201.6,2.734,1,Agtron 35
10.347,5.599,161.056,43.638,59.254,22.907,43.579,24.42,136.535,2.138,139.383,4.509,42.369,21.131,200.379,2.721,201.6,2.734,1,Agtron 35
11.146,8.644,163.362,44.656,66.086,25.493,49.453,27.382,137.265,2.264,141.084,5.009,47.41,23.975,200.379,2.721,201.6,2.734,1,Agtron 35
10.442,7.407,158.875,43.293,60.027,23.29,44.395,24.731,136.563,2.147,139.389,4.588,43.085,21.461,200.379,2.721,201.6,2.734,1,Agtron 35
11.05,8.145,170.155,43.728,62.852,23.303,45.779,25.129,137.458,2.2,141.107,4.977,44.13,21.871,200.379,2.721,201.6,2.734,1,Agtron 35
10.567,6.784,162.489,42.544,61.089,23.876,45.053,25.173,136.769,2.167,139.962,4.777,43.599,21.839,200.379,2.721,201.6,2.734,1,Agtron 35
11.014,5.782,167.493,42.377,66.08,24.683,48.963,26.08,137.505,2.156,141.669,5.009,46.876,22.703,200.379,2.721,201.6,2.734,1,Agtron 35
10.557,6.131,156.885,42.664,60.822,22.721,45.384,24.174,136.465,2.1,139.579,4.508,43.925,20.919,200.379,2.721,201.6,2.734,1,Agtron 35
11.026,6.557,165.616,43.525,65.198,23.455,48.395,25.287,137.369,2.169,141.315,4.784,46.392,22.005,200.379,2.721,201.6,2.734,1,Agtron 35
10.53,7.241,158.737,43.128,61.986,24.378,46.151,25.856,136.717,2.143,139.816,4.833,44.621,22.507,200.379,2.721,201.6,2.734,1,Agtron 35
11.847,6.172,182.079,36.327,69.767,24.916,50.619,25.627,138.645,2.133,144.595,5.805,48.008,22.218,197.065,2.583,196.69,2.814,1,Agtron 45
11.826,6.326,181.281,37.113,69.253,24.259,50.31,25.236,138.551,2.076,144.394,5.605,47.734,21.953,197.065,2.583,196.69,2.814,1,Agtron 45
12.092,7.46,181.592,37.64,69.238,24.6,50.372,25.499,138.465,2.188,144.528,5.929,47.789,22.16,197.065,2.583,196.69,2.814,1,Agtron 45
11.883,5.759,179.451,36.298,71.916,26.36,52.788,26.886,138.622,2.07,144.861,5.892,49.933,23.439,197.065,2.583,196.69,2.814,1,Agtron 45
12.151,7.83,180.055,36.759,70.281,25.417,51.41,26.13,138.458,2.184,144.687,5.985,48.709,22.772,197.065,2.583,196.69,2.814,1,Agtron 45
11.912,5.287,181.094,35.436,71.0,24.613,51.809,25.302,138.694,2.039,144.967,5.674,49.005,21.957,197.065,2.583,196.69,2.814,1,Agtron 45
11.575,6.621,181.719,36.7,66.739,24.658,47.967,25.501,138.395,2.2,143.713,5.779,45.774,22.17,197.065,2.583,196.69,2.814,1,Agtron 45
11.741,4.399,182.44,35.056,71.585,25.966,51.997,26.332,138.941,2.127,145.156,5.956,49.183,22.936,197.065,2.583,196.69,2.814,1,Agtron 45
11.632,5.748,180.355,36.352,68.486,24.005,49.574,24.978,138.573,2.093,144.07,5.451,47.148,21.695,197.065,2.583,196.69,2.814,1,Agtron 45
12.193,3.956,169.222,39.207,70.155,26.145,53.197,27.018,137.127,2.0,143.612,5.628,50.452,23.545,197.065,2.583,196.69,2.814,1,Agtron 45
12.154,3.614,165.329,39.489,70.747,26.551,54.165,27.336,136.923,2.01,143.359,5.629,51.344,23.859,197.065,2.583,196.69,2.814,1,Agtron 45
12.162,5.072,168.564,37.909,68.627,24.808,51.802,25.678,137.082,2.002,143.266,5.391,49.229,22.294,197.065,2.583,196.69,2.814,1,Agtron 45
12.909,3.526,182.199,34.258,78.633,23.473,58.819,24.39,139.086,2.106,147.718,4.999,54.838,21.465,197.345,2.282,196.669,2.542,1,Agtron 55
12.736,5.813,184.328,35.203,77.329,25.261,57.267,26.002,139.23,2.32,147.33,5.648,53.538,22.871,197.345,2.282,196.669,2.542,1,Agtron 55
13.157,2.639,171.698,36.009,79.948,25.29,61.727,26.193,137.947,2.065,146.854,5.008,57.63,23.13,197.345,2.282,196.669,2.542,1,Agtron 55
12.825,4.733,171.822,36.458,76.248,25.42,58.322,26.256,137.764,2.025,145.759,5.397,54.716,22.999,197.345,2.282,196.669,2.542,1,Agtron 55
13.137,2.872,171.223,36.772,78.263,24.268,60.406,25.527,137.743,2.141,146.436,4.953,56.464,22.486,197.345,2.282,196.669,2.542,1,Agtron 55
12.746,3.426,173.014,35.644,75.903,24.61,57.828,25.453,137.888,2.087,145.884,5.36,54.226,22.27,197.345,2.282,196.669,2.542,1,Agtron 55
13.116,2.832,172.371,38.257,77.933,24.904,60.062,26.259,137.73,2.116,146.357,5.285,56.177,23.139,197.345,2.282,196.669,2.542,1,Agtron 55
12.832,4.127,180.463,33.748,80.735,25.107,60.661,25.834,139.239,2.169,147.936,5.332,56.502,22.788,197.345,2.282,196.669,2.542,1,Agtron 55
12.895,5.317,183.473,34.272,78.71,22.934,58.582,24.056,139.352,2.128,147.795,4.89,54.59,21.17,197.345,2.282,196.669,2.542,1,Agtron 55
12.22,4.078,183.546,33.514,75.103,24.032,55.042,24.756,139.335,2.203,146.621,5.437,51.622,21.682,197.345,2.282,196.669,2.542,1,Agtron 55
13.145,6.989,185.314,35.197,78.775,23.197,58.552,24.454,139.392,2.233,148.062,5.127,54.528,21.593,197.345,2.282,196.669,2.542,1,Agtron 55
12.638,4.524,181.588,34.18,79.288,25.065,59.13,25.734,139.331,2.292,147.569,5.559,55.165,22.633,197.345,2.282,196.669,2.542,1,Agtron 55
12.974,5.673,182.02,35.213,79.991,24.056,59.919,25.187,139.292,2.154,147.91,5.034,55.813,22.282,197.345,2.282,196.669,2.542,1,Agtron 55
12.536,4.317,181.741,33.727,78.734,25.305,58.544,25.831,139.36,2.209,147.42,5.525,54.678,22.726,197.345,2.282,196.669,2.542,1,Agtron 55
13.246,7.855,184.248,35.797,78.544,23.655,58.591,24.916,139.176,2.177,147.85,5.296,54.617,21.936,197.345,2.282,196.669,2.542,1,Agtron 55
12.697,4.08,184.521,33.976,77.871,24.858,57.689,25.582,139.302,2.191,147.57,5.503,53.885,22.464,197.345,2.282,196.669,2.542,1,Agtron 55
13.268,8.111,185.589,35.411,77.162,24.072,57.31,25.307,139.08,2.224,147.646,5.3,53.525,22.317,197.345,2.282,196.669,2.542,1,Agtron 55
12.536,3.328,186.431,32.989,75.389,24.694,55.33,25.264,139.186,2.144,147.121,5.672,51.837,22.048,197.345,2.282,196.669,2.542,1,Agtron 55
13.211,7.389,182.94,36.188,78.822,23.907,59.0,25.136,139.089,2.288,147.79,5.411,54.989,22.155,197.345,2.282,196.669,2.542,1,Agtron 55
12.86,3.589,181.58,33.382,80.579,25.303,60.443,26.019,139.253,2.188,148.025,5.284,56.31,22.961,197.345,2.282,196.669,2.542,1,Agtron 55
14.879,4.531,182.509,33.083,90.06,24.534,70.41,25.008,138.389,2.407,151.816,4.841,64.732,22.446,196.422,2.718,196.511,2.857,1,Agtron 65
14.758,2.757,179.84,33.27,90.104,25.358,70.788,25.925,138.174,2.376,151.36,4.689,65.183,23.316,196.422,2.718,196.511,2.857,1,Agtron 65
15.16,5.003,179.535,33.053,92.463,24.706,73.103,25.122,138.117,2.382,152.153,4.522,67.146,22.735,196.422,2.718,196.511,2.857,1,Agtron 65
14.89,3.856,179.655,32.587,92.156,24.719,72.517,25.076,138.363,2.337,151.951,4.479,66.648,22.633,196.422,2.718,196.511,2.857,1,Agtron 65
14.998,3.404,180.094,32.37,91.919,24.942,72.466,25.256,138.166,2.432,152.035,4.66,66.591,22.701,196.422,2.718,196.511,2.857,1,Agtron 65
14.878,3.094,181.726,31.333,90.501,25.364,70.943,25.558,138.251,2.227,151.859,4.79,65.25,22.925,196.422,2.718,196.511,2.857,1,Agtron 65
14.728,5.512,180.618,33.801,90.634,25.468,70.88,25.985,138.508,2.383,151.491,4.918,65.251,23.367,196.422,2.718,196.511,2.857,1,Agtron 65
14.994,4.202,179.837,32.074,92.266,24.189,72.707,24.591,138.289,2.308,152.122,4.39,66.779,22.217,196.422,2.718,196.511,2.857,1,Agtron 65
15.179,5.9,176.742,34.396,95.529,26.251,75.991,26.51,138.178,2.5,152.348,4.84,69.817,24.043,196.422,2.718,196.511,2.857,1,Agtron 65
14.797,3.548,179.49,32.073,91.759,25.664,72.138,25.778,138.331,2.279,151.75,4.594,66.366,23.223,196.422,2.718,196.511,2.857,1,Agtron 65
14.897,3.178,180.61,33.434,91.207,25.76,71.761,26.148,138.181,2.45,151.786,4.886,66.014,23.503,196.422,2.718,196.511,2.857,1,Agtron 65
14.904,4.648,182.937,31.847,89.437,23.588,69.833,24.01,138.371,2.273,151.848,4.668,64.17,21.539,196.422,2.718,196.511,2.857,1,Agtron 65
14.981,5.464,178.376,32.506,90.894,24.229,71.691,24.771,138.104,2.465,151.516,4.567,65.929,22.274,196.422,2.718,196.511,2.857,1,Agtron 65
14.903,3.737,178.676,31.099,92.123,24.79,72.602,24.762,138.261,2.251,151.917,4.426,66.734,22.371,196.422,2.718,196.511,2.857,1,Agtron 65
15.267,2.995,175.81,30.627,91.027,24.376,72.609,24.387,137.445,2.332,151.56,4.453,66.762,21.921,196.611,2.453,195.95,2.774,1,Agtron 65
15.186,3.253,178.471,30.386,88.586,22.148,70.083,22.414,137.603,2.358,151.381,4.281,64.409,20.025,196.611,2.453,195.95,2.774,1,Agtron 65
15.287,3.352,175.798,32.685,90.811,23.367,72.46,23.6,137.469,2.514,151.53,4.443,66.583,21.26,196.611,2.453,195.95,2.774,1,Agtron 65
15.411,4.966,174.871,31.659,90.581,22.671,72.425,23.115,137.349,2.484,151.438,4.433,66.545,20.792,196.611,2.453,195.95,2.774,1,Agtron 65
15.349,3.945,175.585,32.073,93.799,26.123,74.99,25.88,137.633,2.454,152.105,4.647,68.921,23.465,196.611,2.453,195.95,2.774,1,Agtron 65
15.156,3.922,177.558,31.002,89.111,22.52,70.606,23.017,137.627,2.364,151.32,4.278,64.914,20.634,196.611,2.453,195.95,2.774,1,Agtron 65
15.272,3.504,177.19,31.522,91.316,24.692,72.602,24.527,137.646,2.467,151.79,4.486,66.728,22.116,196.611,2.453,195.95,2.774,1,Agtron 65
15.41,5.678,177.836,31.419,88.962,23.411,70.634,23.844,137.461,2.52,151.355,4.35,64.955,21.461,196.611,2.453,195.95,2.774,1,Agtron 65
15.353,5.948,176.846,32.797,91.307,24.785,72.597,24.914,137.687,2.549,151.648,4.662,66.747,22.493,196.611,2.453,195.95,2.774,1,Agtron 65
15.099,4.032,177.051,30.966,90.25,23.975,71.482,24.008,137.773,2.527,151.441,4.45,65.739,21.601,196.611,2.453,195.95,2.774,1,Agtron 65
15.38,6.356,178.086,30.704,90.685,24.011,71.851,23.881,137.763,2.332,151.78,4.486,66.026,21.528,196.611,2.453,195.95,2.774,1,Agtron 65
15.258,3.053,176.965,30.144,88.794,21.819,70.58,22.292,137.405,2.374,151.312,4.124,64.866,19.94,196.611,2.453,195.95,2.774,1,Agtron 65
15.573,5.417,173.93,32.381,92.267,24.391,74.099,24.418,137.271,2.46,151.717,4.503,68.092,22.111,196.611,2.453,195.95,2.774,1,Agtron 65
15.327,4.254,175.98,31.414,90.123,22.747,71.846,23.181,137.429,2.459,151.435,4.349,66.023,20.794,196.611,2.453,195.95,2.774,1,Agtron 65
15.351,2.695,177.671,31.481,104.057,29.998,83.193,29.091,138.575,2.025,154.586,4.777,76.324,26.674,196.834,2.752,196.595,3.021,1,Agtron 75
15.538,4.496,177.906,31.511,102.555,29.818,82.032,28.757,138.372,2.308,154.398,5.086,75.242,26.312,196.834,2.752,196.595,3.021,1,Agtron 75
15.397,3.064,175.039,30.483,104.73,28.694,84.095,27.666,138.461,2.193,154.543,4.677,77.102,25.446,196.834,2.752,196.595,3.021,1,Agtron 75
15.229,2.442,178.596,29.976,99.623,28.339,79.175,27.267,138.497,2.219,153.792,4.593,72.634,24.895,196.834,2.752,196.595,3.021,1,Agtron 75
15.25,4.193,177.871,31.831,100.066,29.202,79.656,28.339,138.484,2.337,153.679,4.842,73.124,25.953,196.834,2.752,196.595,3.021,1,Agtron 75
15.17,4.044,176.004,31.933,104.002,30.191,83.001,29.098,138.776,2.277,154.206,5.019,76.202,26.727,196.834,2.752,196.595,3.021,1,Agtron 75
15.142,2.828,178.043,31.739,99.166,29.576,78.83,28.66,138.454,2.328,153.424,4.808,72.414,26.221,196.834,2.752,196.595,3.021,1,Agtron 75
15.283,4.162,176.82,30.94,103.013,27.824,82.176,26.855,138.723,2.356,154.348,4.685,75.313,24.641,196.834,2.752,196.595,3.021,1,Agtron 75
15.304,5.517,174.847,32.125,103.628,29.773,82.904,28.513,138.614,2.364,154.039,5.057,76.104,26.196,196.834,2.752,196.595,3.021,1,Agtron 75
15.533,5.628,174.425,32.613,100.954,28.525,81.078,27.58,138.11,2.586,153.561,4.966,74.41,25.222,196.834,2.752,196.595,3.021,1,Agtron 75
15.263,6.052,179.503,31.306,99.831,29.267,79.009,28.301,138.784,2.14,153.751,4.842,72.527,25.926,196.834,2.752,196.595,3.021,1,Agtron 75
15.429,3.855,179.348,32.148,99.686,29.349,79.421,28.432,138.323,2.285,153.902,4.892,72.874,26.042,196.834,2.752,196.595,3.021,1,Agtron 75
15.427,3.138,175.628,32.453,103.674,30.793,83.285,29.8,138.254,2.225,154.156,5.025,76.495,27.286,196.834,2.752,196.595,3.021,1,Agtron 75
15.38,3.703,175.425,31.304,105.472,29.791,84.573,28.649,138.605,2.197,154.639,4.762,77.585,26.369,196.834,2.752,196.595,3.021,1,Agtron 75
43.768,63.878,100.192,44.621,35.626,23.385,28.771,24.402,131.145,1.971,131.058,3.44,29.38,21.714,184.935,2.234,168.286,1.787,0,Agtron 25
52.763,69.056,99.855,43.239,31.834,21.18,25.02,21.855,131.014,1.922,130.45,3.004,26.096,19.587,184.935,2.234,168.286,1.787,0,Agtron 25
50.184,67.134,98.093,42.765,30.648,20.838,24.052,21.402,130.783,1.876,130.367,2.927,25.225,19.263,184.935,2.234,168.286,1.787,0,Agtron 25
47.492,65.907,96.778,44.029,34.653,22.965,27.96,24.165,131.053,1.924,130.643,3.089,28.754,21.545,184.935,2.234,168.286,1.787,0,Agtron 25
50.063,67.392,101.131,41.948,32.712,22.253,25.704,22.686,131.078,1.985,130.794,3.329,26.719,20.313,184.935,2.234,168.286,1.787,0,Agtron 25
50.714,67.779,101.843,43.064,31.881,21.281,24.876,21.995,131.049,1.927,130.565,3.075,26.017,19.698,184.935,2.234,168.286,1.787,0,Agtron 25
13.763,20.356,146.403,50.563,39.525,23.299,30.123,23.739,131.935,2.248,134.885,4.673,30.379,21.013,172.076,1.045,179.05,1.01,0,Agtron 25
14.617,23.448,152.654,48.933,39.967,23.906,29.899,24.039,132.26,2.397,135.306,5.056,30.188,21.234,172.076,1.045,179.05,1.01,0,Agtron 25
14.349,22.196,150.673,49.338,40.074,22.339,30.125,22.404,132.248,2.291,135.349,4.896,30.366,19.796,172.076,1.045,179.05,1.01,0,Agtron 25
25.532,41.041,124.281,57.064,36.256,25.157,28.643,25.031,131.029,2.601,133.537,5.217,28.881,22.351,172.076,1.045,179.05,1.01,0,Agtron 25
32.263,48.763,121.533,55.193,32.15,23.459,24.919,23.147,130.684,2.651,132.711,4.918,25.59,20.762,172.076,1.045,179.05,1.01,0,Agtron 25
29.841,45.668,122.33,55.55,32.315,23.779,24.961,23.432,130.718,2.651,132.907,5.007,25.651,21.0,172.076,1.045,179.05,1.01,0,Agtron 25
27.898,44.228,123.803,56.431,32.475,24.135,25.156,23.584,130.688,2.618,133.014,4.929,25.768,21.177,172.076,1.045,179.05,1.01,0,Agtron 25
28.254,44.558,126.448,57.516,34.147,24.85,26.517,24.507,130.976,2.712,133.336,5.291,26.941,21.955,172.076,1.045,179.05,1.01,0,Agtron 25
30.117,47.441,118.912,55.456,33.808,24.296,26.479,24.013,130.867,2.551,132.809,4.835,27.005,21.5,172.076,1.045,179.05,1.01,0,Agtron 25
37.396,52.275,108.898,55.413,30.791,23.801,24.451,23.834,130.246,2.399,131.819,4.469,25.214,21.493,172.076,1.045,179.05,1.01,0,Agtron 25
14.874,22.593,141.347,46.086,51.331,26.803,40.859,27.203,132.967,2.197,136.99,5.339,39.789,23.889,172.708,1.26,179.788,1.126,0,Agtron 35
12.956,10.393,168.874,44.601,49.506,25.448,37.179,25.216,133.594,2.425,138.903,6.084,36.392,22.016,172.708,1.26,179.788,1.126,0,Agtron 35
13.785,15.178,163.405,44.831,49.73,25.334,37.832,25.481,133.407,2.393,138.529,5.874,37.021,22.258,172.708,1.26,179.788,1.126,0,Agtron 35
12.9,8.616,169.855,45.308,50.415,25.262,37.891,25.556,133.7,2.385,139.041,6.069,37.105,22.26,172.708,1.26,179.788,1.126,0,Agtron 35
13.384,13.383,161.85,45.261,49.465,25.726,37.881,25.972,133.206,2.291,138.286,5.81,37.077,22.718,172.708,1.26,179.788,1.126,0,Agtron 35
13.641,15.386,157.955,47.155,51.154,26.969,39.733,26.739,133.273,2.421,138.449,6.113,38.57,23.469,172.708,1.26,179.788,1.126,0,Agtron 35
26.808,48.335,120.218,44.298,43.349,26.973,34.95,27.631,132.028,2.111,133.55,4.31,34.691,24.529,172.708,1.26,179.788,1.126,0,Agtron 35
24.941,46.805,118.334,45.662,44.757,27.15,36.096,28.235,132.275,2.107,133.483,4.193,35.852,24.99,172.708,1.26,179.788,1.126,0,Agtron 35
24.565,44.583,125.081,45.232,44.689,27.052,35.871,27.626,132.205,2.173,134.284,4.677,35.475,24.487,172.708,1.26,179.788,1.126,0,Agtron 35
19.018,36.185,127.113,47.037,44.562,25.441,35.502,26.409,132.232,2.054,134.39,4.307,35.26,23.296,172.708,1.26,179.788,1.126,0,Agtron 35
19.933,37.847,120.79,47.124,46.41,26.635,37.806,27.816,132.18,2.038,134.161,4.286,37.277,24.588,172.708,1.26,179.788,1.126,0,Agtron 35
15.26,25.178,139.499,49.959,51.064,28.898,41.129,29.798,132.749,2.189,136.303,5.049,40.032,26.358,186.226,2.065,169.78,1.574,0,Agtron 35
15.127,24.996,138.68,48.348,49.499,27.259,39.57,28.191,132.703,2.111,136.108,4.661,38.705,24.944,186.226,2.065,169.78,1.574,0,Agtron 35
17.122,30.964,140.967,47.418,48.138,28.47,38.066,29.114,132.76,2.268,135.886,5.021,37.361,25.827,186.226,2.065,169.78,1.574,0,Agtron 35
15.229,25.63,148.199,46.616,49.48,28.126,38.613,28.368,133.153,2.373,136.833,5.321,37.771,25.098,186.226,2.065,169.78,1.574,0,Agtron 35
13.446,12.048,163.013,46.223,54.943,28.931,42.915,29.055,133.574,2.376,139.515,6.229,41.381,25.542,186.226,2.065,169.78,1.574,0,Agtron 35
13.045,9.704,168.989,45.253,53.037,29.196,40.641,29.126,133.658,2.427,139.464,6.393,39.425,25.625,186.226,2.065,169.78,1.574,0,Agtron 35
13.497,15.02,167.11,43.264,52.553,29.862,40.071,29.345,133.745,2.488,139.126,6.394,38.944,25.817,186.226,2.065,169.78,1.574,0,Agtron 35
14.025,19.59,157.971,45.273,51.096,30.685,39.432,30.163,133.369,2.505,138.078,6.264,38.431,26.635,186.226,2.065,169.78,1.574,0,Agtron 35
13.157,15.142,158.133,43.898,52.898,30.723,41.012,30.431,133.516,2.437,138.392,5.957,39.868,26.876,186.226,2.065,169.78,1.574,0,Agtron 35
13.623,8.28,172.51,41.898,63.174,36.507,49.523,35.322,134.212,2.479,142.193,7.702,47.222,31.238,174.047,1.826,180.77,1.63,0,Agtron 45
13.795,8.072,172.445,39.203,65.321,35.55,51.22,34.194,134.529,2.498,142.912,7.678,48.656,30.116,174.047,1.826,180.77,1.63,0,Agtron 45
13.435,8.781,172.126,41.397,61.435,34.412,47.647,33.389,134.387,2.463,141.744,7.271,45.604,29.422,174.047,1.826,180.77,1.63,0,Agtron 45
13.808,10.987,171.371,40.129,63.14,36.641,49.435,35.273,134.261,2.533,142.106,7.888,47.149,31.156,174.047,1.826,180.77,1.63,0,Agtron 45
13.713,9.469,171.464,41.016,61.652,34.892,48.152,33.797,134.171,2.466,141.883,7.404,45.996,29.81,174.047,1.826,180.77,1.63,0,Agtron 45
13.754,10.077,168.173,40.612,60.292,33.869,47.25,32.866,133.931,2.393,141.315,7.151,45.22,28.929,174.047,1.826,180.77,1.63,0,Agtron 45
13.515,10.081,167.852,42.682,59.282,33.947,46.332,33.167,133.892,2.368,140.855,7.015,44.484,29.246,174.047,1.826,180.77,1.63,0,Agtron 45
13.667,11.424,167.17,41.507,59.379,34.47,46.46,33.282,133.881,2.455,140.975,7.26,44.531,29.368,174.047,1.826,180.77,1.63,0,Agtron 45
13.656,9.85,166.748,41.828,60.685,34.231,47.654,33.172,133.973,2.465,141.222,7.048,45.599,29.281,174.047,1.826,180.77,1.63,0,Agtron 45
13.573,9.894,170.955,39.898,60.302,34.944,46.827,33.849,134.12,2.428,141.497,7.447,44.913,29.818,174.047,1.826,180.77,1.63,0,Agtron 45
13.524,10.099,168.769,42.017,58.647,35.251,45.771,34.107,133.774,2.449,140.747,7.335,43.991,30.107,174.047,1.826,180.77,1.63,0,Agtron 45
13.633,11.202,170.439,41.794,57.065,34.392,44.085,33.014,133.858,2.544,140.725,7.357,42.453,29.158,174.047,1.826,180.77,1.63,0,Agtron 45
13.562,10.127,166.437,42.496,60.417,35.848,47.583,34.712,133.79,2.436,140.926,7.294,45.592,30.671,174.047,1.826,180.77,1.63,0,Agtron 45
13.794,5.546,188.978,36.936,71.935,35.037,54.858,33.736,136.35,2.751,146.414,8.403,51.556,29.665,169.823,2.175,176.369,2.0,0,Agtron 55
13.735,4.938,189.014,36.181,71.111,33.327,54.081,32.22,136.366,2.613,146.26,8.022,50.844,28.229,169.823,2.175,176.369,2.0,0,Agtron 55
13.868,4.051,187.362,37.831,74.662,36.507,57.598,35.171,136.24,2.598,146.768,8.516,54.027,30.951,169.823,2.175,176.369,2.0,0,Agtron 55
13.764,4.034,188.485,35.975,73.72,35.163,56.406,33.933,136.498,2.776,146.855,8.321,52.905,29.902,169.823,2.175,176.369,2.0,0,Agtron 55
13.807,5.069,186.499,37.745,73.815,35.594,56.78,34.343,136.327,2.684,146.509,8.218,53.292,30.251,169.823,2.175,176.369,2.0,0,Agtron 55
13.849,5.072,187.614,36.948,73.56,34.826,56.437,33.252,136.417,2.786,146.778,8.354,52.869,29.249,169.823,2.175,176.369,2.0,0,Agtron 55
13.931,5.498,185.958,37.69,74.031,35.562,57.166,34.172,136.184,2.702,146.686,8.472,53.582,30.07,169.823,2.175,176.369,2.0,0,Agtron 55
13.861,3.379,188.966,36.465,73.032,34.098,55.905,33.186,136.352,2.627,146.789,8.164,52.461,29.155,169.823,2.175,176.369,2.0,0,Agtron 55
14.095,3.222,189.065,36.24,75.78,32.684,58.283,32.099,136.607,2.477,147.7,7.828,54.447,28.148,172.903,2.206,179.497,1.708,0,Agtron 55
14.248,4.165,189.255,36.821,75.957,33.507,58.608,32.888,136.46,2.486,147.753,8.008,54.757,28.856,172.903,2.206,179.497,1.708,0,Agtron 55
14.192,4.455,179.405,41.29,77.049,33.177,60.638,33.444,136.036,2.483,146.742,7.262,56.735,29.524,172.903,2.206,179.497,1.708,0,Agtron 55
14.298,4.202,174.098,42.137,75.774,32.226,60.37,32.811,135.467,2.496,145.965,6.787,56.533,29.02,172.903,2.206,179.497,1.708,0,Agtron 55
14.256,3.797,184.142,38.837,79.601,32.792,62.162,32.831,136.652,2.549,148.114,7.43,57.914,28.979,172.903,2.206,179.497,1.708,0,Agtron 55
14.324,3.019,185.77,37.996,80.749,32.647,62.951,32.539,136.842,2.525,148.72,7.535,58.545,28.699,172.903,2.206,179.497,1.708,0,Agtron 55
14.17,3.319,186.061,38.713,78.362,33.403,60.877,33.169,136.617,2.491,147.956,7.837,56.792,29.198,172.903,2.206,179.497,1.708,0,Agtron 55
14.439,3.284,183.966,39.215,80.28,33.085,62.966,33.135,136.501,2.521,148.365,7.562,58.625,29.262,172.903,2.206,179.497,1.708,0,Agtron 55
14.073,3.305,181.715,41.351,78.763,34.711,61.717,34.635,136.373,2.537,147.246,7.674,57.707,30.609,172.903,2.206,179.497,1.708,0,Agtron 55
14.462,3.6,183.569,38.144,80.61,32.174,63.288,32.139,136.521,2.463,148.539,7.503,58.833,28.3,172.903,2.206,179.497,1.708,0,Agtron 55
14.368,3.52,185.867,37.366,78.837,32.083,61.321,31.798,136.678,2.5,148.35,7.564,57.092,27.976,172.903,2.206,179.497,1.708,0,Agtron 55
14.388,3.248,187.132,37.876,80.601,32.588,62.687,32.386,136.898,2.64,148.916,7.771,58.271,28.514,172.903,2.206,179.497,1.708,0,Agtron 55
14.441,3.227,182.6,39.776,79.944,31.844,62.766,31.922,136.496,2.45,148.167,7.222,58.421,28.146,172.903,2.206,179.497,1.708,0,Agtron 55
14.256,3.539,185.479,38.288,78.28,33.236,60.926,33.078,136.521,2.456,147.924,7.661,56.852,29.122,172.903,2.206,179.497,1.708,0,Agtron 55
14.365,3.328,177.801,41.686,78.952,33.175,62.727,33.577,135.895,2.449,147.09,7.089,58.556,29.721,172.903,2.206,179.497,1.708,0,Agtron 55
14.45,3.324,186.318,37.44,80.113,31.668,62.43,31.581,136.772,2.507,148.832,7.558,58.015,27.801,172.903,2.206,179.497,1.708,0,Agtron 55
14.349,3.731,184.13,40.074,77.695,33.126,60.782,33.205,136.238,2.509,147.617,7.683,56.748,29.218,172.903,2.206,179.497,1.708,0,Agtron 55
14.127,3.07,184.522,38.648,75.946,31.479,59.0,31.402,136.37,2.397,147.282,7.352,55.11,27.601,172.903,2.206,179.497,1.708,0,Agtron 55
14.489,3.228,182.146,38.642,81.119,32.8,63.94,32.714,136.411,2.526,148.461,7.52,59.452,28.85,172.903,2.206,179.497,1.708,0,Agtron 55
14.303,3.531,185.932,37.946,79.743,33.117,62.107,32.829,136.708,2.438,148.433,7.7,57.825,28.926,172.903,2.206,179.497,1.708,0,Agtron 55
14.335,3.478,183.775,39.81,78.001,32.886,60.945,32.909,136.369,2.503,147.678,7.6,56.894,28.994,172.903,2.206,179.497,1.708,0,Agtron 55
15.222,3.487,177.387,41.519,86.236,35.8,69.925,36.096,135.621,2.532,149.196,7.281,64.9,32.292,182.583,1.607,179.359,1.228,0,Agtron 65
15.873,3.642,183.033,38.398,90.474,35.634,73.263,35.526,135.896,2.549,151.606,7.802,67.637,31.78,182.583,1.607,179.359,1.228,0,Agtron 65
15.644,3.352,184.68,37.492,87.878,35.212,70.618,35.078,135.988,2.5,151.122,7.799,65.285,31.231,182.583,1.607,179.359,1.228,0,Agtron 65
15.691,3.501,183.997,38.742,88.818,36.402,71.647,36.262,135.876,2.515,151.164,8.067,66.259,32.391,182.583,1.607,179.359,1.228,0,Agtron 65
15.525,3.195,184.134,39.906,88.221,38.631,71.068,38.426,135.822,2.575,150.611,8.169,65.923,34.416,182.583,1.607,179.359,1.228,0,Agtron 65
15.798,3.161,182.692,36.762,90.849,34.82,73.439,34.551,136.061,2.495,151.798,7.652,67.743,30.848,182.583,1.607,179.359,1.228,0,Agtron 65
15.646,3.21,178.605,39.539,87.861,36.695,71.573,36.898,135.389,2.487,150.066,7.549,66.359,33.02,182.583,1.607,179.359,1.228,0,Agtron 65
15.601,3.342,183.718,37.897,87.519,36.39,70.458,36.053,135.825,2.457,150.826,8.114,65.217,32.138,182.583,1.607,179.359,1.228,0,Agtron 65
15.405,4.152,183.764,38.096,86.087,35.348,69.069,35.371,135.932,2.616,150.366,7.903,63.957,31.476,182.583,1.607,179.359,1.228,0,Agtron 65
15.708,3.084,185.285,38.533,90.616,37.814,72.982,37.537,136.083,2.51,151.65,8.085,67.508,33.641,182.583,1.607,179.359,1.228,0,Agtron 65
15.794,3.123,187.628,36.192,92.286,37.17,74.051,36.412,136.404,2.447,152.663,8.295,68.289,32.558,182.583,1.607,179.359,1.228,0,Agtron 65
15.641,3.921,188.457,35.458,91.729,37.299,73.131,36.259,136.69,2.438,152.567,8.342,67.471,32.414,182.583,1.607,179.359,1.228,0,Agtron 65
15.646,3.099,186.804,36.501,92.015,38.811,73.912,38.033,136.275,2.513,152.256,8.536,68.286,34.08,182.583,1.607,179.359,1.228,0,Agtron 65
15.539,3.077,187.596,36.234,91.977,37.978,73.52,37.219,136.595,2.493,152.337,8.232,67.901,33.369,182.583,1.607,179.359,1.228,0,Agtron 65
15.655,3.089,185.606,35.889,93.288,37.784,74.958,36.899,136.468,2.495,152.512,8.299,69.182,32.975,182.583,1.607,179.359,1.228,0,Agtron 65
15.336,3.062,187.973,35.677,88.865,37.613,70.594,36.522,136.557,2.382,151.48,8.359,65.313,32.554,182.583,1.607,179.359,1.228,0,Agtron 65
15.549,3.081,187.657,36.085,89.869,37.251,71.711,36.437,136.477,2.473,151.862,8.06,66.27,32.649,182.583,1.607,179.359,1.228,0,Agtron 65
15.474,3.227,188.029,35.077,88.979,36.168,70.826,35.372,136.498,2.519,151.78,8.185,65.412,31.466,182.583,1.607,179.359,1.228,0,Agtron 65
15.51,3.26,186.693,35.969,91.678,39.095,73.373,38.096,136.442,2.469,152.064,8.485,67.85,34.119,182.583,1.607,179.359,1.228,0,Agtron 65
15.467,3.271,187.701,35.484,90.277,38.239,72.031,37.12,136.47,2.444,151.874,8.445,66.586,33.159,182.583,1.607,179.359,1.228,0,Agtron 65
15.59,3.35,189.159,35.626,86.51,38.786,68.938,37.621,135.975,2.571,151.12,8.785,63.88,33.485,178.349,1.988,183.103,1.932,0,Agtron 65
15.893,3.195,186.316,36.726,91.994,38.832,74.12,38.108,136.108,2.616,152.314,8.113,68.505,34.257,178.349,1.988,183.103,1.932,0,Agtron 65
15.833,3.193,188.337,36.697,90.001,38.177,72.191,37.565,136.083,2.626,152.063,8.434,66.729,33.569,178.349,1.988,183.103,1.932,0,Agtron 65
15.626,3.314,190.917,35.571,88.108,39.113,69.977,37.9,136.339,2.754,151.796,8.673,64.755,33.93,178.349,1.988,183.103,1.932,0,Agtron 65
15.669,3.264,186.205,36.058,90.26,37.796,72.53,36.876,136.115,2.606,151.853,8.307,66.994,32.964,178.349,1.988,183.103,1.932,0,Agtron 65
15.904,3.082,187.291,35.137,89.912,35.986,72.303,35.318,136.016,2.531,152.22,8.066,66.68,31.461,178.349,1.988,183.103,1.932,0,Agtron 65
15.778,3.034,185.536,36.289,88.562,36.575,71.217,36.188,135.914,2.583,151.386,7.99,65.871,32.206,178.349,1.988,183.103,1.932,0,Agtron 65
15.81,2.972,188.171,36.022,89.77,37.137,71.979,36.257,136.136,2.571,152.069,8.253,66.453,32.332,178.349,1.988,183.103,1.932,0,Agtron 65
15.836,3.002,189.213,36.147,87.507,37.101,69.967,36.424,135.993,2.507,151.624,8.152,64.708,32.51,178.349,1.988,183.103,1.932,0,Agtron 65
15.736,3.044,184.111,36.201,92.256,37.369,74.448,36.808,136.144,2.578,152.107,8.173,68.752,32.871,178.349,1.988,183.103,1.932,0,Agtron 65
15.918,3.197,187.041,36.503,88.59,36.987,71.345,36.327,135.776,2.606,151.688,8.23,65.91,32.397,178.349,1.988,183.103,1.932,0,Agtron 65
15.814,3.063,185.511,36.142,90.723,37.328,73.129,36.622,135.991,2.589,151.993,8.242,67.529,32.71,178.349,1.988,183.103,1.932,0,Agtron 65
15.716,3.07,188.649,36.049,89.136,37.839,71.314,36.972,136.151,2.658,151.869,8.499,65.901,32.972,178.349,1.988,183.103,1.932,0,Agtron 65
15.609,3.281,187.944,36.688,88.604,37.192,70.879,36.432,136.163,2.531,151.576,8.389,65.509,32.448,178.349,1.988,183.103,1.932,0,Agtron 65
15.839,2.756,191.69,36.056,102.024,39.906,81.411,38.877,137.645,2.417,155.607,8.278,74.847,35.343,175.936,2.39,182.208,2.083,0,Agtron 75
15.827,3.018,185.35,36.567,98.296,38.979,79.161,38.027,136.847,2.605,153.808,8.255,72.964,34.355,175.936,2.39,182.208,2.083,0,Agtron 75
15.922,2.777,188.853,35.663,104.981,39.584,84.316,38.678,137.585,2.428,156.063,8.108,77.477,35.243,175.936,2.39,182.208,2.083,0,Agtron 75
16.174,2.971,186.123,36.865,99.839,38.548,80.789,37.734,136.674,2.693,154.582,8.009,74.342,34.172,175.936,2.39,182.208,2.083,0,Agtron 75
16.155,2.821,186.748,36.254,100.329,38.488,81.031,37.523,136.816,2.673,154.833,8.091,74.528,33.958,175.936,2.39,182.208,2.083,0,Agtron 75
16.081,2.766,184.888,36.779,103.347,38.534,83.735,37.943,136.987,2.438,155.214,7.768,77.021,34.507,175.936,2.39,182.208,2.083,0,Agtron 75
15.71,4.382,174.187,41.364,90.035,40.111,74.044,39.79,135.107,2.388,149.645,7.602,68.818,35.853,175.936,2.39,182.208,2.083,0,Agtron 75
15.805,2.922,172.471,40.704,96.751,39.536,79.878,39.758,135.632,2.311,151.217,6.828,74.048,36.253,175.936,2.39,182.208,2.083,0,Agtron 75
15.571,4.297,174.964,41.422,85.607,37.817,70.055,38.08,134.995,2.446,148.793,7.257,65.182,34.218,175.936,2.39,182.208,2.083,0,Agtron 75
15.675,3.302,164.416,43.641,98.132,41.909,82.383,42.302,134.936,2.367,149.865,7.156,76.606,38.553,175.936,2.39,182.208,2.083,0,Agtron 75
15.566,3.735,168.618,42.746,86.861,39.493,72.013,39.482,134.582,2.401,148.111,7.157,67.088,35.662,175.936,2.39,182.208,2.083,0,Agtron 75
15.864,4.224,166.022,42.524,94.515,39.693,79.105,40.264,134.798,2.303,149.615,6.853,73.502,36.518,175.936,2.39,182.208,2.083,0,Agtron 75
15.391,3.694,168.452,43.76,84.099,38.428,69.545,38.672,134.516,2.585,147.331,7.091,64.879,34.734,175.936,2.39,182.208,2.083,0,Agtron 75
16.029,6.084,164.426,42.647,96.944,39.357,81.35,39.998,134.928,2.394,149.979,6.68,75.52,36.357,175.936,2.39,182.208,2.083,0,Agtron 75
15.724,4.313,167.615,43.196,87.075,37.742,72.442,38.332,134.498,2.528,148.173,6.954,67.41,34.476,175.936,2.39,182.208,2.083,0,Agtron 75
15.589,3.177,167.31,41.897,91.719,37.504,76.153,38.028,135.081,2.231,149.22,6.628,70.734,34.378,175.936,2.39,182.208,2.083,0,Agtron 75
15.214,4.18,165.022,44.503,83.326,38.497,69.223,38.933,134.302,2.414,146.58,7.006,64.666,34.979,175.936,2.39,182.208,2.083,0,Agtron 75
15.664,3.603,168.796,41.075,93.02,36.739,76.984,37.203,135.38,2.481,149.912,6.557,71.375,33.695,175.936,2.39,182.208,2.083,0,Agtron 75
19.992,38.065,100.285,57.749,29.672,21.633,23.818,22.2,130.221,1.831,130.86,2.801,24.847,20.039,190.745,6.168,168.56,4.293,0,Agtron 25
20.671,38.964,105.207,57.952,29.878,22.068,23.871,22.753,130.325,1.881,130.886,2.671,24.875,20.556,190.745,6.168,168.56,4.293,0,Agtron 25
15.623,22.703,132.923,56.861,30.672,21.005,23.454,21.053,130.557,1.95,132.505,3.517,24.51,19.005,190.745,6.168,168.56,4.293,0,Agtron 25
17.119,28.416,121.227,59.163,32.585,22.858,26.068,23.728,130.468,1.873,131.995,3.204,26.789,21.323,190.745,6.168,168.56,4.293,0,Agtron 25
26.784,37.818,92.698,61.031,27.608,22.693,22.38,22.341,129.613,2.238,131.081,3.691,23.301,20.304,182.336,4.067,169.322,2.573,0,Agtron 25
29.625,43.001,94.419,59.889,28.337,24.158,22.966,24.066,129.791,2.276,130.828,3.622,23.771,21.8,182.336,4.067,169.322,2.573,0,Agtron 25
64.432,64.364,85.81,56.833,27.59,24.165,22.387,24.153,129.87,2.113,128.9,3.149,23.359,21.939,182.336,4.067,169.322,2.573,0,Agtron 25
71.261,64.493,84.647,55.186,27.888,23.847,22.625,23.838,129.937,2.19,128.75,3.055,23.585,21.684,182.336,4.067,169.322,2.573,0,Agtron 25
12.993,18.599,126.806,53.206,48.961,29.617,40.276,30.335,132.219,2.263,134.939,4.653,39.329,26.947,192.685,5.134,164.602,3.867,0,Agtron 35
13.038,7.426,150.833,53.941,50.969,29.241,40.94,29.367,132.58,2.341,137.301,5.448,39.702,26.022,192.685,5.134,164.602,3.867,0,Agtron 35
12.638,12.821,141.813,54.357,47.266,29.166,37.859,29.611,132.301,2.343,135.754,4.957,37.126,26.285,193.097,4.889,165.599,3.554,0,Agtron 35
14.96,25.834,119.787,49.073,44.022,27.212,35.833,27.378,131.858,2.196,134.145,4.367,35.373,24.346,193.097,4.889,165.599,3.554,0,Agtron 35
16.681,30.959,105.933,49.859,38.459,26.51,31.779,27.041,130.947,1.994,132.559,3.685,31.789,24.14,193.097,4.889,165.599,3.554,0,Agtron 35
17.33,33.239,104.967,49.985,38.432,24.768,31.586,25.275,131.112,2.004,132.361,3.515,31.694,22.55,193.097,4.889,165.599,3.554,0,Agtron 35
15.564,28.32,112.571,49.819,40.013,25.913,32.504,26.039,131.401,2.123,133.198,4.005,32.471,23.2,193.097,4.889,165.599,3.554,0,Agtron 35
13.088,9.135,150.879,51.545,53.595,32.552,43.11,32.238,132.772,2.466,137.986,6.007,41.668,28.618,186.126,6.362,162.828,4.787,0,Agtron 45
12.91,9.519,148.802,53.418,50.171,32.656,40.31,32.379,132.395,2.412,136.879,5.676,39.237,28.814,186.126,6.362,162.828,4.787,0,Agtron 45
13.206,7.42,151.246,51.815,51.822,32.94,41.795,32.509,132.416,2.419,137.629,6.012,40.486,28.853,186.126,6.362,162.828,4.787,0,Agtron 45
13.487,5.487,158.166,49.266,58.047,33.012,46.747,32.78,133.119,2.332,139.549,6.229,44.85,29.034,187.114,5.261,167.406,4.363,0,Agtron 45
13.309,7.312,156.388,50.094,53.636,33.906,42.832,33.054,132.789,2.453,138.453,6.526,41.411,29.32,187.114,5.261,167.406,4.363,0,Agtron 45
13.181,5.469,158.521,50.881,52.49,33.069,41.719,32.556,132.738,2.483,138.189,6.269,40.463,28.846,187.114,5.261,167.406,4.363,0,Agtron 45
13.305,5.995,160.535,51.661,55.39,35.277,44.321,34.663,132.929,2.51,138.801,6.515,42.737,30.802,187.114,5.261,167.406,4.363,0,Agtron 45
14.503,3.793,180.33,48.061,69.975,37.785,55.891,37.086,134.343,2.378,144.366,7.807,52.672,32.965,184.159,5.238,173.774,4.658,0,Agtron 55
14.695,3.487,179.397,46.996,71.779,38.664,57.559,37.806,134.361,2.423,144.773,7.863,54.181,33.637,184.159,5.238,173.774,4.658,0,Agtron 55
14.62,4.068,180.532,45.938,71.772,36.858,57.369,36.057,134.568,2.399,145.079,7.79,53.871,32.01,184.159,5.238,173.774,4.658,0,Agtron 55
13.722,3.84,187.176,43.621,67.09,36.426,51.769,35.132,135.285,3.267,144.283,8.209,48.908,31.081,179.677,4.674,175.305,4.416,0,Agtron 55
13.455,4.209,183.32,44.175,66.941,37.174,51.682,35.809,135.34,3.405,143.647,8.028,48.954,31.771,179.677,4.674,175.305,4.416,0,Agtron 55
13.988,4.303,187.594,42.08,65.446,35.122,50.351,33.626,135.11,3.04,144.217,8.052,47.623,29.675,179.677,4.674,175.305,4.416,0,Agtron 55
14.275,4.113,185.992,41.385,70.459,37.447,54.929,36.13,135.287,3.117,145.482,8.372,51.694,32.083,179.677,4.674,175.305,4.416,0,Agtron 55
14.053,3.697,189.185,42.177,69.622,35.563,53.628,34.076,135.711,3.128,145.456,8.08,50.445,30.157,179.677,4.674,175.305,4.416,0,Agtron 55
14.82,3.417,189.147,41.096,74.718,38.774,58.8,37.402,135.258,2.75,147.154,8.883,55.053,33.208,176.042,4.571,173.971,3.683,0,Agtron 65
15.133,3.483,185.706,42.353,84.352,41.704,67.43,40.39,135.733,2.836,149.17,8.938,62.813,36.157,176.042,4.571,173.971,3.683,0,Agtron 65
15.086,3.502,181.958,41.066,87.976,43.644,70.853,41.705,135.801,2.821,149.615,9.184,65.921,37.526,176.042,4.571,173.971,3.683,0,Agtron 65
15.113,3.863,191.882,40.709,78.667,39.731,62.083,38.35,135.578,2.948,148.647,9.064,57.851,34.17,176.042,4.571,173.971,3.683,0,Agtron 65
15.184,3.639,188.496,42.021,82.877,41.259,66.114,39.709,135.664,3.2,149.243,9.159,61.458,35.536,172.479,4.717,174.921,4.23,0,Agtron 65
15.057,3.683,191.524,42.605,79.84,43.937,63.342,41.998,135.365,3.153,148.343,9.8,59.149,37.571,172.479,4.717,174.921,4.23,0,Agtron 65
15.424,3.34,192.041,40.884,82.265,40.474,65.293,39.107,135.713,3.017,149.684,9.118,60.692,34.908,172.479,4.717,174.921,4.23,0,Agtron 65
15.449,3.405,192.501,40.846,92.743,46.284,74.002,44.045,136.466,2.867,152.207,9.791,68.603,39.98,170.886,5.232,173.955,4.631,0,Agtron 75
15.391,3.622,195.12,38.788,90.144,41.945,71.275,40.153,136.739,2.956,152.321,9.593,65.873,36.041,170.886,5.232,173.955,4.631,0,Agtron 75
15.499,3.211,192.049,38.604,95.709,42.026,76.217,40.334,137.046,2.667,153.471,9.175,70.321,36.427,170.886,5.232,173.955,4.631,0,Agtron 75
15.423,3.67,193.012,39.329,93.319,42.966,74.232,41.065,136.814,2.788,152.806,9.51,68.567,37.046,170.886,5.232,173.955,4.631,0,Agtron 75
48.138,67.234,115.004,62.25,34.442,25.792,26.062,26.199,131.989,2.976,130.774,3.693,27.015,23.483,200.914,8.112,191.742,7.231,1,Agtron 25
60.567,72.66,110.955,65.157,29.656,24.071,21.952,24.117,131.462,2.922,130.08,3.501,23.264,21.776,200.914,8.112,191.742,7.231,1,Agtron 25
48.42,67.537,116.279,64.974,33.331,25.503,24.759,25.561,131.997,3.09,130.825,4.052,25.839,22.986,200.914,8.112,191.742,7.231,1,Agtron 25
54.411,70.323,114.721,65.028,32.445,24.642,24.144,24.854,131.916,3.062,130.507,3.799,25.274,22.365,200.914,8.112,191.742,7.231,1,Agtron 25
16.238,37.973,130.179,58.394,44.137,23.78,33.301,26.072,133.602,2.309,132.693,3.29,33.836,22.971,198.005,8.212,189.525,7.377,1,Agtron 25
14.17,34.317,131.347,56.874,43.485,21.973,32.382,24.391,133.708,2.245,132.85,3.146,33.068,21.334,198.005,8.212,189.525,7.377,1,Agtron 25
14.321,35.046,133.586,56.643,41.773,22.212,30.676,24.062,133.591,2.301,132.672,3.293,31.549,21.149,198.005,8.212,189.525,7.377,1,Agtron 25
10.299,8.458,150.419,44.217,57.348,22.027,42.873,23.192,135.894,2.072,138.201,4.371,41.872,20.04,199.762,8.106,191.563,7.329,1,Agtron 35
10.348,8.991,151.923,45.124,55.789,22.872,41.508,24.027,135.648,2.174,137.94,4.575,40.7,20.843,199.762,8.106,191.563,7.329,1,Agtron 35
10.006,8.252,146.181,46.64,57.769,22.833,43.705,24.271,135.735,2.144,137.696,4.352,42.632,21.05,199.762,8.106,191.563,7.329,1,Agtron 35
10.549,8.007,156.37,46.081,62.068,24.307,46.587,25.698,136.585,2.143,139.446,4.69,45.021,22.342,199.574,7.524,192.243,7.102,1,Agtron 35
11.295,11.288,156.316,45.341,61.452,23.368,46.067,25.109,136.512,2.098,139.487,4.604,44.59,21.866,199.574,7.524,192.243,7.102,1,Agtron 35
10.664,7.888,156.181,46.421,59.107,22.678,44.126,24.282,136.189,2.078,138.879,4.253,42.909,21.047,199.574,7.524,192.243,7.102,1,Agtron 35
11.027,10.535,156.339,45.55,59.884,23.047,44.76,24.672,136.291,2.149,139.098,4.539,43.433,21.412,199.574,7.524,192.243,7.102,1,Agtron 35
11.855,3.462,165.008,36.309,73.198,25.84,55.664,26.23,137.745,2.172,143.856,5.29,52.612,22.917,198.228,7.508,192.09,7.376,1,Agtron 45
12.028,4.634,159.919,35.221,77.648,28.446,60.09,28.265,137.754,2.287,144.346,5.589,56.57,24.908,198.228,7.508,192.09,7.376,1,Agtron 45
11.959,4.905,155.106,36.857,80.093,27.978,62.73,28.015,137.77,2.134,144.288,5.425,58.916,24.809,198.228,7.508,192.09,7.376,1,Agtron 45
12.081,4.728,160.575,36.738,78.524,28.326,60.787,28.293,137.908,2.17,144.592,5.415,57.168,25.069,198.228,7.508,192.09,7.376,1,Agtron 45
13.095,3.705,173.809,35.662,80.521,25.965,61.771,26.718,138.335,2.31,147.14,5.044,57.653,23.695,198.193,7.499,191.873,7.394,1,Agtron 55
13.265,4.168,171.224,34.623,86.19,28.416,66.963,28.503,138.529,2.425,148.184,5.456,62.25,25.45,198.193,7.499,191.873,7.394,1,Agtron 55
13.041,3.921,170.651,34.071,86.3,27.127,66.773,27.419,138.869,2.43,148.111,5.095,62.046,24.531,198.193,7.499,191.873,7.394,1,Agtron 55
13.247,4.664,171.038,34.366,87.02,28.269,67.519,28.209,138.753,2.385,148.353,5.355,62.732,25.26,198.193,7.499,191.873,7.394,1,Agtron 55
14.837,3.843,177.474,34.044,89.638,29.992,70.786,29.233,137.701,2.366,150.624,5.413,65.435,26.264,199.461,7.53,193.052,7.377,1,Agtron 65
14.989,3.309,178.987,33.361,87.104,25.468,68.742,25.619,137.494,2.443,150.669,4.994,63.384,22.919,199.461,7.53,193.052,7.377,1,Agtron 65
15.258,3.634,177.112,33.216,88.692,26.385,70.601,26.176,137.223,2.398,150.908,4.755,65.07,23.551,199.461,7.53,193.052,7.377,1,Agtron 65
14.323,3.826,176.798,34.026,88.092,31.502,69.174,30.981,137.767,2.163,149.757,6.254,64.171,27.563,198.615,7.512,192.384,7.375,1,Agtron 65
14.268,3.21,174.982,32.589,87.754,27.329,68.924,27.206,137.922,2.277,149.844,5.514,63.757,24.223,198.615,7.512,192.384,7.375,1,Agtron 65
14.233,3.982,175.098,34.587,85.486,29.272,67.038,28.968,137.64,2.335,149.049,5.953,62.225,25.734,198.615,7.512,192.384,7.375,1,Agtron 65
14.551,2.768,172.887,31.904,90.414,28.748,71.715,28.041,137.694,2.36,150.297,5.585,66.271,25.055,198.615,7.512,192.384,7.375,1,Agtron 65
14.551,2.768,172.887,31.904,90.414,28.748,71.715,28.041,137.694,2.36,150.297,5.585,66.271,25.055,198.615,7.512,192.384,7.375,1,Agtron 65
15.248,3.661,171.43,31.911,105.752,33.726,85.342,32.375,138.187,2.237,153.61,5.378,78.624,29.673,200.397,7.631,193.834,7.468,1,Agtron 75
15.445,2.679,171.785,30.931,105.124,32.309,85.028,30.777,137.978,2.494,153.873,5.103,78.208,28.264,200.397,7.631,193.834,7.468,1,Agtron 75
15.355,2.211,170.767,30.922,105.995,32.366,85.738,30.702,138.081,2.375,153.843,5.267,78.884,28.144,200.397,7.631,193.834,7.468,1,Agtron 75
14.946,3.016,175.687,31.886,103.813,33.477,82.746,31.908,138.734,2.282,153.718,5.516,76.174,29.233,200.397,7.631,193.834,7.468,1,Agtron 75
12.234,14.971,140.71,23.897,115.767,19.715,91.497,19.771,142.763,3.056,148.508,5.233,84.58,18.589,177.665,1.634,180.397,1.618,1,Agtron 65
10.772,12.039,138.268,19.203,116.822,19.584,91.753,19.11,143.499,2.572,147.697,4.205,84.941,17.998,177.665,1.634,180.397,1.618,1,Agtron 65
12.023,13.63,141.602,22.84,117.855,19.608,93.164,19.732,142.906,2.834,149.051,4.977,86.112,18.627,177.665,1.634,180.397,1.618,1,Agtron 65
10.533,2.141,138.862,14.091,106.892,22.379,84.662,20.413,141.463,2.749,147.038,4.737,78.403,18.748,177.665,1.634,180.397,1.618,1,Agtron 65
10.456,2.047,141.207,14.639,105.273,22.179,82.682,19.202,141.712,2.934,147.235,5.206,76.509,17.42,177.665,1.634,180.397,1.618,1,Agtron 65
10.744,1.767,139.574,11.175,102.616,16.188,81.298,14.897,141.005,2.239,146.532,3.157,75.193,13.558,177.665,1.634,180.397,1.618,1,Agtron 65
10.938,1.775,139.456,11.127,102.473,16.036,81.459,14.852,140.754,2.176,146.603,3.061,75.327,13.534,177.665,1.634,180.397,1.618,1,Agtron 65
10.837,1.369,139.848,10.485,103.059,16.098,81.721,14.675,140.971,2.034,146.715,3.15,75.561,13.354,177.665,1.634,180.397,1.618,1,Agtron 65
10.86,3.15,136.546,12.477,101.862,16.999,81.357,15.661,140.489,2.22,146.031,3.379,75.313,14.3,177.665,1.634,180.397,1.618,1,Agtron 65
10.774,1.508,139.777,11.182,99.385,16.008,78.686,14.642,140.637,2.076,146.094,3.142,72.82,13.249,177.665,1.634,180.397,1.618,1,Agtron 65
10.37,1.79,143.929,12.854,112.315,19.576,87.788,18.356,142.923,1.694,148.373,3.485,81.15,17.026,177.665,1.634,180.397,1.618,1,Agtron 65
10.306,1.965,145.36,12.209,110.491,18.302,85.953,17.101,143.006,1.615,148.28,3.27,79.407,15.731,177.665,1.634,180.397,1.618,1,Agtron 65
10.578,4.198,145.472,13.307,114.71,19.969,89.504,18.698,143.24,1.711,149.095,3.782,82.685,17.354,177.665,1.634,180.397,1.618,1,Agtron 65
10.615,2.382,146.976,12.94,114.808,18.671,89.417,17.495,143.334,1.631,149.438,3.517,82.536,16.226,177.665,1.634,180.397,1.618,1,Agtron 65
10.708,9.349,145.75,17.072,108.504,19.483,84.071,18.754,143.08,2.095,147.908,4.143,77.707,17.465,177.665,1.634,180.397,1.618,1,Agtron 65
10.319,5.778,122.168,15.362,96.526,18.479,79.066,18.077,138.938,2.492,142.852,3.703,73.549,16.552,177.665,1.634,180.397,1.618,1,Agtron 65
10.918,10.962,121.161,17.655,97.523,19.127,80.114,19.512,138.966,2.657,142.705,3.706,74.555,18.117,177.665,1.634,180.397,1.618,1,Agtron 65
11.339,12.114,120.829,19.599,98.605,19.014,81.331,19.366,138.833,2.821,142.96,4.026,75.627,18.017,177.665,1.634,180.397,1.618,1,Agtron 65
12.42,19.309,120.586,23.411,97.698,20.791,79.98,21.817,139.331,3.093,142.347,4.54,74.506,20.51,177.665,1.634,180.397,1.618,1,Agtron 65
12.267,17.401,118.927,22.504,98.089,20.296,80.888,21.554,138.962,3.09,142.256,4.151,75.33,20.278,177.665,1.634,180.397,1.618,1,Agtron 65
8.566,5.57,119.872,15.172,86.444,19.173,69.235,18.085,139.179,2.667,140.499,3.903,64.848,16.289,176.248,1.662,179.209,1.481,1,Agtron 55
8.318,3.913,121.001,14.267,85.444,18.927,67.947,17.024,139.364,2.7,140.484,3.947,63.68,15.171,176.248,1.662,179.209,1.481,1,Agtron 55
8.409,2.516,120.396,14.291,83.728,18.483,66.879,17.4,138.901,2.355,140.23,3.689,62.75,15.544,176.248,1.662,179.209,1.481,1,Agtron 55
8.413,3.465,122.244,14.92,89.131,18.505,70.91,16.736,139.86,2.819,141.096,3.822,66.279,15.034,176.248,1.662,179.209,1.481,1,Agtron 55
8.234,4.818,125.114,15.517,85.1,18.829,66.834,17.454,139.875,2.699,140.802,3.873,62.661,15.621,176.248,1.662,179.209,1.481,1,Agtron 55
8.198,4.2,127.027,15.276,88.947,18.918,69.659,17.252,140.553,2.632,141.541,4.085,65.131,15.519,176.248,1.662,179.209,1.481,1,Agtron 55
8.126,6.512,127.794,15.364,88.21,18.938,68.684,17.184,140.753,2.738,141.453,4.193,64.258,15.41,176.248,1.662,179.209,1.481,1,Agtron 55
8.659,7.866,126.286,16.256,88.458,19.193,69.531,18.03,140.311,2.77,141.381,3.995,65.039,16.303,176.248,1.662,179.209,1.481,1,Agtron 55
9.257,4.6,130.239,14.492,91.227,16.727,72.017,15.652,140.268,1.793,142.621,3.127,67.12,14.082,179.469,1.747,181.956,1.704,1,Agtron 55
9.138,2.654,132.018,15.089,91.881,18.614,72.204,17.19,140.518,1.916,142.962,3.544,67.294,15.528,179.469,1.747,181.956,1.704,1,Agtron 55
9.683,3.207,133.456,14.12,96.703,17.939,76.425,16.655,140.752,1.885,144.096,3.335,71.024,15.061,179.469,1.747,181.956,1.704,1,Agtron 55
9.55,3.76,130.255,14.259,95.189,19.505,75.661,18.0,140.3,1.813,143.401,3.886,70.423,16.298,179.469,1.747,181.956,1.704,1,Agtron 55
9.524,6.884,129.691,15.608,97.713,18.387,77.557,17.436,140.837,2.009,143.441,3.397,72.14,15.951,179.469,1.747,181.956,1.704,1,Agtron 55
8.031,2.104,126.698,14.159,88.622,18.039,69.298,16.381,140.643,2.869,141.347,3.543,64.793,14.703,175.742,1.686,178.901,1.634,1,Agtron 55
8.651,2.146,128.676,13.916,91.738,18.851,72.145,17.17,140.617,2.775,142.351,3.899,67.294,15.435,175.742,1.686,178.901,1.634,1,Agtron 55
8.522,2.354,128.353,14.972,91.797,21.047,72.129,19.034,140.633,2.87,142.341,4.554,67.337,17.156,175.742,1.686,178.901,1.634,1,Agtron 55
8.559,2.284,129.139,14.75,93.017,19.809,73.012,18.11,140.887,2.944,142.559,4.115,68.089,16.332,175.742,1.686,178.901,1.634,1,Agtron 55
8.258,2.449,125.923,13.745,91.791,20.337,72.385,19.007,140.588,2.776,141.803,3.987,67.623,17.238,175.742,1.686,178.901,1.634,1,Agtron 55
8.648,2.348,130.164,13.502,91.99,19.776,72.082,18.192,140.786,2.882,142.586,3.992,67.24,16.369,175.742,1.686,178.901,1.634,1,Agtron 55
11.248,7.881,146.467,17.583,121.203,21.375,94.898,20.172,143.625,2.418,150.599,4.797,87.622,18.827,177.884,1.747,180.469,1.594,1,Agtron 75
11.167,4.136,150.895,13.85,121.707,21.221,94.64,19.683,143.958,2.157,151.621,4.479,87.249,18.304,177.884,1.747,180.469,1.594,1,Agtron 75
11.156,6.595,146.018,15.552,122.14,21.57,95.698,20.095,143.664,2.37,150.653,4.603,88.385,18.726,177.884,1.747,180.469,1.594,1,Agtron 75
11.054,5.626,146.731,16.227,123.877,20.703,96.972,19.533,143.907,2.181,151.076,4.537,89.533,18.288,177.884,1.747,180.469,1.594,1,Agtron 75
11.005,1.688,149.059,13.108,118.08,23.222,91.962,20.424,143.45,2.718,150.737,4.934,84.837,18.917,177.884,1.747,180.469,1.594,1,Agtron 75
10.698,1.809,146.372,12.332,116.276,24.04,90.711,21.245,143.244,2.604,149.766,4.929,83.805,19.702,177.884,1.747,180.469,1.594,1,Agtron 75
11.18,1.805,147.493,13.276,115.479,23.253,90.452,20.312,142.766,2.967,150.199,4.966,83.472,18.689,177.884,1.747,180.469,1.594,1,Agtron 75
10.903,1.788,146.856,13.577,114.798,22.986,89.654,20.012,142.988,3.049,149.785,4.898,82.752,18.418,177.884,1.747,180.469,1.594,1,Agtron 75
11.737,3.964,153.086,15.239,132.662,19.589,103.611,19.224,144.614,2.171,154.177,3.668,95.503,18.284,177.884,1.747,180.469,1.594,1,Agtron 75
11.794,4.873,152.18,15.55,134.875,17.59,105.452,17.353,144.814,2.275,154.366,3.4,97.208,16.599,177.884,1.747,180.469,1.594,1,Agtron 75
11.867,1.799,151.849,12.701,136.134,18.196,106.81,17.606,144.542,1.996,154.69,3.314,98.523,16.772,174.954,1.671,178.052,1.57,1,Agtron 75
12.195,2.591,150.705,14.767,139.273,18.514,110.005,18.238,144.247,2.241,155.197,3.419,101.565,17.532,174.954,1.671,178.052,1.57,1,Agtron 75
7.811,11.053,110.318,17.508,78.895,17.496,63.244,15.538,138.517,2.731,137.952,3.546,59.647,13.857,179.316,1.712,182.028,1.613,1,Agtron 45
8.595,14.646,111.7,19.98,76.463,19.257,61.01,17.728,138.246,2.97,137.918,4.061,57.715,15.885,179.316,1.712,182.028,1.613,1,Agtron 45
8.516,14.925,110.971,18.322,79.285,18.961,63.534,17.181,138.517,2.752,138.139,3.931,59.931,15.434,179.316,1.712,182.028,1.613,1,Agtron 45
6.976,3.554,110.961,16.864,77.2,17.841,61.596,15.62,138.415,2.736,137.878,3.645,58.204,13.78,179.316,1.712,182.028,1.613,1,Agtron 45
8.713,7.784,121.301,16.485,84.643,20.784,67.362,18.916,139.148,2.125,140.382,4.143,63.224,16.957,173.377,1.568,176.98,1.404,1,Agtron 45
9.233,10.424,120.778,16.193,85.825,18.129,68.622,17.003,139.18,2.086,140.434,3.538,64.281,15.306,173.377,1.568,176.98,1.404,1,Agtron 45
8.707,3.056,123.259,14.566,88.303,16.352,70.436,15.293,139.592,1.769,141.104,2.994,65.821,13.719,173.377,1.568,176.98,1.404,1,Agtron 45
8.242,3.906,121.051,15.786,85.058,15.847,67.646,14.584,139.417,1.961,140.249,3.105,63.364,12.966,173.377,1.568,176.98,1.404,1,Agtron 45
7.739,1.822,119.096,17.247,81.948,18.63,64.874,16.122,139.176,2.49,139.64,3.976,60.982,14.22,173.377,1.568,176.98,1.404,1,Agtron 45
8.135,1.98,117.729,16.662,80.443,19.844,64.136,17.176,138.534,2.571,139.534,4.173,60.358,15.148,173.377,1.568,176.98,1.404,1,Agtron 45
7.683,1.809,113.834,16.718,76.587,18.437,61.174,16.142,138.064,2.429,138.399,3.691,57.799,14.197,173.377,1.568,176.98,1.404,1,Agtron 45
7.889,2.443,119.346,16.319,81.121,18.132,64.317,16.19,138.979,2.271,139.536,3.659,60.495,14.334,173.377,1.568,176.98,1.404,1,Agtron 45
7.274,10.528,98.184,16.276,67.028,16.733,54.729,15.515,136.2,2.089,135.395,2.94,52.34,13.535,179.176,1.665,181.873,1.611,1,Agtron 35
6.781,9.435,94.629,15.873,69.435,16.288,57.391,15.626,136.265,1.915,135.14,2.513,54.67,13.763,179.176,1.665,181.873,1.611,1,Agtron 35
6.955,7.851,99.66,16.173,72.564,15.809,59.545,15.071,136.887,1.863,135.994,2.704,56.501,13.267,179.176,1.665,181.873,1.611,1,Agtron 35
6.416,6.218,97.752,15.905,65.782,14.341,53.526,13.773,136.245,1.886,135.051,2.238,51.274,12.001,179.176,1.665,181.873,1.611,1,Agtron 35
5.123,7.476,78.693,16.16,57.271,12.586,47.981,11.775,134.327,1.897,132.62,2.196,46.515,10.106,176.157,1.585,179.294,1.442,1,Agtron 35
6.4,15.62,77.991,14.478,57.904,12.822,48.813,12.706,134.25,1.6,132.584,1.898,47.248,11.132,176.157,1.585,179.294,1.442,1,Agtron 35
6.624,17.663,78.265,14.87,57.009,13.416,47.771,13.017,134.276,1.726,132.535,2.111,46.376,11.371,176.157,1.585,179.294,1.442,1,Agtron 35
10.264,29.989,76.498,18.064,56.923,16.969,47.806,17.265,134.21,2.017,132.168,2.436,46.506,15.555,176.157,1.585,179.294,1.442,1,Agtron 35
5.862,15.019,81.345,15.364,56.97,13.275,47.167,12.675,134.615,1.756,132.703,2.211,45.859,11.086,176.157,1.585,179.294,1.442,1,Agtron 35
6.201,4.824,95.936,16.321,64.865,15.077,52.824,13.478,136.052,2.09,134.958,3.025,50.652,11.695,176.157,1.585,179.294,1.442,1,Agtron 35
7.216,17.029,88.467,15.626,62.127,13.996,51.285,13.821,135.404,1.806,133.743,2.171,49.385,12.233,176.157,1.585,179.294,1.442,1,Agtron 35
7.622,16.746,89.494,17.622,63.624,15.475,52.624,15.121,135.491,2.123,134.062,2.583,50.541,13.486,176.157,1.585,179.294,1.442,1,Agtron 35
7.72,16.699,92.539,16.594,65.344,15.096,53.817,14.573,135.845,2.022,134.539,2.573,51.546,12.922,172.509,1.473,176.079,1.359,1,Agtron 35
8.213,20.323,90.16,17.327,61.689,14.541,50.688,14.146,135.416,1.971,133.954,2.575,48.863,12.468,172.509,1.473,176.079,1.359,1,Agtron 35
34.147,66.394,60.924,14.141,47.248,13.335,40.1,13.818,132.687,1.497,130.33,1.376,39.978,11.973,180.699,1.673,183.352,1.471,1,Agtron 25
32.537,65.045,61.259,14.694,47.443,13.143,40.16,13.594,132.817,1.557,130.289,1.351,40.025,11.85,180.699,1.673,183.352,1.471,1,Agtron 25
32.993,65.543,58.977,13.838,46.215,13.021,39.3,13.631,132.483,1.476,130.162,1.224,39.294,11.777,180.699,1.673,183.352,1.471,1,Agtron 25
30.155,63.158,63.59,14.28,47.582,13.104,40.017,13.983,132.988,1.467,130.386,1.258,39.942,12.161,180.699,1.673,183.352,1.471,1,Agtron 25
38.513,69.485,60.101,14.642,46.276,13.9,39.207,14.73,132.586,1.465,130.099,1.411,39.259,12.992,180.699,1.673,183.352,1.471,1,Agtron 25
125.614,45.268,25.775,13.963,39.005,18.376,35.647,19.522,129.675,1.548,126.894,1.399,36.167,17.735,179.843,1.669,182.712,1.509,1,Agtron 25
122.581,45.811,23.859,13.035,36.313,13.09,33.024,14.104,129.419,1.395,126.944,1.299,33.808,12.452,179.843,1.669,182.712,1.509,1,Agtron 25
126.233,48.402,23.401,13.314,35.938,12.581,32.682,13.685,129.542,1.364,127.114,1.241,33.553,12.104,179.843,1.669,182.712,1.509,1,Agtron 25
116.491,50.478,22.804,14.874,36.421,16.892,33.149,18.028,129.399,1.421,127.02,1.357,34.02,16.33,179.843,1.669,182.712,1.509,1,Agtron 25
18.213,47.656,63.928,16.665,48.823,13.036,41.512,13.26,132.798,1.685,130.834,1.768,41.097,11.452,179.884,1.683,182.789,1.486,1,Agtron 25
21.637,52.902,64.443,15.993,50.765,12.89,43.326,13.184,133.073,1.566,130.883,1.724,42.637,11.376,179.756,1.652,182.63,1.506,1,Agtron 25
12.397,38.12,66.765,14.83,48.586,11.834,40.849,11.922,133.024,1.621,130.954,1.423,40.532,10.169,179.756,1.652,182.63,1.506,1,Agtron 25
18.74,48.061,64.752,17.097,48.121,13.696,40.771,14.091,132.741,1.651,130.863,1.826,40.495,12.292,179.756,1.652,182.63,1.506,1,Agtron 25
29.416,62.003,61.645,14.722,48.246,13.321,41.104,13.894,132.747,1.506,130.471,1.485,40.812,11.998,179.756,1.652,182.63,1.506,1,Agtron 25
26.534,56.005,146.498,52.482,24.699,18.811,14.44,17.881,132.199,3.35,130.545,2.278,16.859,16.291,175.406,6.252,178.612,5.88,1,Agtron 25
16.886,42.687,153.305,50.284,23.221,16.263,12.778,14.55,132.169,3.346,130.687,2.171,15.338,13.396,175.406,6.252,178.612,5.88,1,Agtron 25
21.691,49.232,143.789,52.949,24.441,18.634,14.371,16.968,132.086,3.646,130.754,2.731,16.734,15.429,175.406,6.252,178.612,5.88,1,Agtron 25
25.759,54.472,146.545,51.639,22.675,17.769,12.856,15.652,131.977,3.6,130.517,2.499,15.249,14.392,175.406,6.252,178.612,5.88,1,Agtron 25
22.667,50.854,146.164,53.625,26.134,19.626,15.407,18.047,132.621,3.813,130.943,2.742,17.716,16.387,175.406,6.252,178.612,5.88,1,Agtron 25
8.245,12.597,182.405,34.807,52.247,20.872,32.129,20.416,139.699,3.562,138.206,4.502,32.567,17.715,176.16,6.344,179.387,5.969,1,Agtron 35
7.888,8.62,183.721,33.199,58.24,21.785,36.48,20.579,141.18,3.67,140.064,5.253,36.062,17.665,176.16,6.344,179.387,5.969,1,Agtron 35
7.561,6.919,184.624,31.249,55.983,20.609,34.536,19.723,140.873,3.281,139.492,4.634,34.48,16.935,176.16,6.344,179.387,5.969,1,Agtron 35
8.144,11.397,187.232,33.231,53.98,20.381,32.751,20.05,140.644,3.519,139.041,4.677,32.976,17.462,176.16,6.344,179.387,5.969,1,Agtron 35
7.0,5.3,172.376,30.587,44.941,16.041,26.986,15.531,137.845,2.882,136.104,3.453,28.526,13.227,177.505,5.836,180.714,5.533,1,Agtron 35
7.466,10.431,169.951,31.459,44.652,17.264,26.931,16.678,137.672,3.207,135.897,3.725,28.518,14.325,177.505,5.836,180.714,5.533,1,Agtron 35
6.825,3.522,175.995,30.286,41.305,15.4,23.85,14.481,137.172,3.097,135.339,3.427,25.857,12.363,177.505,5.836,180.714,5.533,1,Agtron 35
7.354,10.838,168.37,32.198,42.374,16.57,25.247,16.558,137.131,2.904,135.137,3.162,27.2,14.529,177.505,5.836,180.714,5.533,1,Agtron 35
7.146,2.408,183.165,29.996,61.05,21.309,38.314,19.977,142.103,3.353,140.657,4.821,37.564,17.015,175.788,6.525,180.326,5.517,1,Agtron 35
7.336,1.821,185.017,29.02,58.275,22.697,36.186,20.822,141.358,3.503,140.293,5.61,35.835,17.752,175.788,6.525,180.326,5.517,1,Agtron 35
7.449,2.394,184.255,29.838,63.416,21.752,40.247,20.557,142.456,3.153,141.5,4.975,39.128,17.599,175.788,6.525,180.326,5.517,1,Agtron 35
6.751,1.588,185.443,30.005,54.147,19.989,32.58,18.573,140.949,3.467,138.892,4.483,32.826,15.793,175.788,6.525,180.326,5.517,1,Agtron 35
8.623,1.73,189.347,23.212,83.306,25.427,55.441,22.865,145.905,3.153,147.705,5.915,51.494,19.882,175.753,6.697,179.458,5.984,1,Agtron 45
8.444,1.904,187.198,23.509,79.501,27.289,52.774,24.362,144.993,3.222,146.356,6.35,49.462,21.132,175.753,6.697,179.458,5.984,1,Agtron 45
8.225,1.765,185.847,24.471,79.84,24.726,52.936,22.358,145.315,3.194,146.266,5.651,49.506,19.386,175.753,6.697,179.458,5.984,1,Agtron 45
8.311,1.845,187.921,22.796,77.266,23.92,50.708,21.316,145.035,3.308,146.122,5.95,47.545,18.286,175.753,6.697,179.458,5.984,1,Agtron 45
8.623,6.507,185.657,24.279,78.022,26.419,51.788,24.143,144.7,3.407,145.942,6.447,48.65,20.978,176.256,6.282,180.605,5.403,1,Agtron 45
7.769,2.274,186.017,22.211,71.707,24.68,46.307,22.351,144.161,3.558,144.202,5.935,44.032,19.172,176.256,6.282,180.605,5.403,1,Agtron 45
7.894,2.098,188.744,22.141,68.756,24.027,43.838,21.559,143.719,3.413,143.845,6.212,41.926,18.377,176.256,6.282,180.605,5.403,1,Agtron 45
8.289,2.192,189.074,22.057,74.869,25.066,48.777,22.497,144.59,3.676,145.554,6.301,45.982,19.231,176.256,6.282,180.605,5.403,1,Agtron 45
9.752,3.048,193.26,23.2,93.429,23.178,63.724,21.643,146.99,2.595,151.259,5.287,58.297,19.152,175.88,6.353,179.459,5.754,1,Agtron 55
9.776,2.347,194.539,23.125,92.228,22.805,62.707,21.517,146.882,2.593,151.177,5.147,57.377,19.091,175.88,6.353,179.459,5.754,1,Agtron 55
9.673,1.571,195.036,21.993,91.649,22.088,62.045,20.68,146.995,2.348,151.129,4.846,56.759,18.379,175.88,6.353,179.459,5.754,1,Agtron 55
9.711,4.907,194.001,26.183,90.852,25.043,61.665,23.938,146.669,2.668,150.402,5.212,56.63,21.479,175.88,6.353,179.459,5.754,1,Agtron 55
8.33,2.218,192.12,19.402,84.872,24.682,55.666,22.378,147.065,3.814,148.491,5.826,51.417,19.566,175.555,6.371,178.811,5.988,1,Agtron 55
8.678,2.417,188.369,20.455,91.401,26.259,61.617,24.279,147.279,3.793,149.707,6.111,56.651,21.531,175.555,6.371,178.811,5.988,1,Agtron 55
8.492,2.286,187.89,19.864,87.195,24.515,58.309,22.736,146.767,3.62,148.624,5.587,53.828,20.043,175.555,6.371,178.811,5.988,1,Agtron 55
10.521,3.975,195.012,22.033,107.982,24.272,75.134,22.906,148.675,2.267,155.393,5.053,68.071,20.916,175.704,6.453,178.988,6.042,1,Agtron 65
11.005,7.035,193.279,24.576,111.61,23.714,78.533,23.281,148.689,2.512,156.096,4.876,71.122,21.625,175.704,6.453,178.988,6.042,1,Agtron 65
10.751,2.936,194.453,21.576,110.055,24.034,77.192,22.832,148.51,2.251,155.98,4.689,69.918,20.957,175.704,6.453,178.988,6.042,1,Agtron 65
10.535,1.774,193.523,21.807,109.836,23.824,76.906,22.533,148.631,2.283,155.666,4.731,69.671,20.647,175.704,6.453,178.988,6.042,1,Agtron 65
10.589,2.078,192.142,20.484,104.654,26.412,73.372,24.181,147.491,3.487,154.529,6.101,66.715,21.763,177.126,6.837,180.389,6.392,1,Agtron 65
10.626,2.23,192.468,19.156,104.655,28.288,73.403,25.558,147.35,3.459,154.586,6.668,66.815,22.87,177.126,6.837,180.389,6.392,1,Agtron 65
10.622,2.209,192.085,19.879,107.584,27.435,75.679,25.487,147.793,3.367,155.113,6.089,68.794,23.108,177.126,6.837,180.389,6.392,1,Agtron 65
10.587,2.183,189.678,19.829,107.246,25.875,75.74,23.964,147.567,3.283,154.784,5.986,68.871,21.654,177.126,6.837,180.389,6.392,1,Agtron 65
10.658,2.146,192.151,19.846,107.631,26.964,75.719,24.87,147.8,3.326,155.179,6.06,68.798,22.52,175.79,6.141,179.124,5.729,1,Agtron 65
10.797,2.159,191.144,20.963,106.981,27.192,75.677,25.252,147.337,3.521,154.903,5.891,68.838,22.908,175.79,6.141,179.124,5.729,1,Agtron 65
10.92,1.709,196.616,19.758,97.311,22.77,67.712,21.499,146.475,3.088,153.607,4.894,61.617,19.264,175.79,6.141,179.124,5.729,1,Agtron 65
10.77,3.098,196.465,19.837,98.828,22.962,68.559,21.557,146.987,3.038,153.831,5.121,62.323,19.299,175.626,6.207,179.118,5.687,1,Agtron 65
12.064,1.815,185.272,20.516,140.452,29.057,103.472,27.396,149.179,2.929,161.888,5.135,94.261,26.044,174.576,6.526,177.84,6.112,1,Agtron 75
11.698,2.103,188.244,20.346,130.531,31.96,95.019,29.623,148.804,3.341,160.124,6.269,86.442,27.763,174.576,6.526,177.84,6.112,1,Agtron 75
11.097,2.061,189.125,19.768,118.6,31.749,84.881,28.528,148.39,3.74,157.382,6.543,77.172,26.411,174.576,6.526,177.84,6.112,1,Agtron 75
11.696,2.182,186.354,20.504,129.431,31.328,94.546,28.831,148.444,3.56,159.602,6.304,86.05,26.945,174.576,6.526,177.84,6.112,1,Agtron 75
11.67,2.041,188.487,21.002,131.371,31.35,95.533,29.262,149.047,3.36,160.304,5.966,86.862,27.589,174.576,6.526,177.84,6.112,1,Agtron 75
11.625,2.125,185.717,20.324,129.973,33.293,94.992,30.624,148.439,3.298,159.46,6.367,86.602,28.73,174.576,6.526,177.84,6.112,1,Agtron 75
11.699,1.92,186.245,20.071,132.275,32.018,96.597,29.235,148.825,3.171,160.114,6.075,87.976,27.493,174.576,6.526,177.84,6.112,1,Agtron 75
11.064,7.283,92.507,20.359,49.238,22.364,41.267,23.969,131.864,1.619,133.844,2.575,41.022,20.603,239.958,5.723,240.274,4.878,1,Agtron 25
37.217,51.143,29.213,26.539,32.593,29.449,28.827,30.903,128.656,1.622,129.325,2.513,30.623,28.246,241.644,6.41,242.397,5.735,1,Agtron 25
12.1,1.786,123.229,19.439,68.705,22.376,56.624,22.519,134.637,1.783,139.683,3.393,53.791,19.635,239.958,5.723,240.274,4.878,1,Agtron 35
11.703,3.124,106.266,19.159,57.695,20.517,48.21,20.806,132.983,1.678,136.478,3.222,46.652,17.908,241.644,6.41,242.397,5.735,1,Agtron 35
12.833,1.412,142.376,17.253,89.047,26.822,72.16,24.818,137.354,2.054,145.747,4.558,67.2,22.298,239.958,5.723,240.274,4.878,1,Agtron 45
11.937,2.002,124.701,17.546,70.683,23.103,57.845,21.875,135.122,2.175,140.392,4.36,54.785,19.193,241.644,6.41,242.397,5.735,1,Agtron 45
13.151,1.274,149.291,16.27,94.469,25.808,76.0,23.689,138.197,2.031,147.881,4.41,70.419,21.428,239.958,5.723,240.274,4.878,1,Agtron 55
12.646,2.185,142.14,16.761,86.047,26.831,69.422,25.37,137.278,2.775,145.236,4.945,64.753,23.072,241.644,6.41,242.397,5.735,1,Agtron 55
13.61,1.263,155.328,15.573,104.139,29.506,83.555,26.689,139.072,2.116,150.719,4.825,77.192,24.353,239.958,5.723,240.274,4.878,1,Agtron 65
14.397,1.484,149.303,12.452,95.31,24.092,78.191,22.037,136.979,2.263,148.951,4.482,72.169,19.987,241.644,6.41,242.397,5.735,1,Agtron 65
14.187,1.291,164.534,20.015,110.205,35.818,87.821,32.388,139.613,2.54,153.309,6.05,81.105,29.739,239.958,5.723,240.274,4.878,1,Agtron 75
14.045,1.498,157.83,15.735,100.382,32.947,80.589,29.51,138.349,2.494,150.726,5.97,74.548,26.875,241.644,6.41,242.397,5.735,1,Agtron 75
13.306,10.71,87.061,25.007,44.817,18.134,38.501,19.483,130.698,1.461,133.309,2.389,38.241,16.429,138.9,0.764,146.812,0.697,0,Agtron 25
34.498,43.282,25.235,23.863,28.944,15.773,26.337,17.69,128.159,1.193,129.068,1.7,27.731,15.102,138.9,0.764,146.812,0.697,0,Agtron 25
14.1,2.477,125.292,25.391,58.32,20.057,48.757,20.713,132.428,1.449,138.659,3.702,46.753,17.564,138.9,0.764,146.812,0.697,0,Agtron 35
13.406,5.106,97.608,21.38,51.318,18.914,44.008,19.366,131.341,1.518,135.294,3.169,42.871,16.332,138.9,0.764,146.812,0.697,0,Agtron 35
14.972,1.529,141.744,21.188,78.011,26.003,65.276,25.18,134.14,1.638,144.488,5.082,60.982,21.881,138.9,0.764,146.812,0.697,0,Agtron 45
13.68,2.153,125.163,21.768,58.673,21.526,48.504,21.334,132.781,1.753,138.845,4.398,46.604,18.121,138.9,0.764,146.812,0.697,0,Agtron 45
15.114,1.447,145.547,20.029,82.826,24.994,69.164,24.032,134.666,1.559,146.077,4.92,64.282,20.969,138.9,0.764,146.812,0.697,0,Agtron 55
13.927,1.963,144.085,18.659,79.113,25.969,64.671,24.592,135.443,2.325,144.735,5.331,60.471,21.49,138.9,0.764,146.812,0.697,0,Agtron 55
15.341,1.381,156.717,20.157,91.317,27.685,75.346,26.298,135.747,1.669,149.213,5.37,69.663,23.161,138.9,0.764,146.812,0.697,0,Agtron 65
15.572,1.615,156.593,19.076,84.137,23.768,69.422,22.723,135.09,1.952,148.099,4.945,64.223,19.802,138.9,0.764,146.812,0.697,0,Agtron 65
15.352,1.562,156.086,18.574,101.462,31.29,83.871,29.161,136.519,1.946,151.353,5.904,77.404,26.286,138.9,0.764,146.812,0.697,0,Agtron 75
13.354,23.564,111.043,32.727,49.134,28.48,39.874,29.049,132.513,2.305,134.243,3.776,39.544,25.387,203.617,2.463,207.899,2.075,1,Agtron 25
62.858,58.13,52.692,35.545,34.184,31.208,30.685,32.633,128.939,2.215,129.352,3.351,31.063,29.375,203.054,2.421,207.388,1.985,1,Agtron 25
12.106,6.76,144.773,29.523,67.256,27.487,53.022,26.883,135.592,2.339,140.87,5.048,50.602,23.389,203.617,2.463,207.899,2.075,1,Agtron 35
11.199,11.743,121.507,29.828,55.99,25.979,44.713,25.403,133.878,2.41,136.548,4.425,43.655,21.993,203.054,2.421,207.388,1.985,1,Agtron 35
13.204,5.316,164.819,26.543,91.884,34.075,72.016,31.725,138.674,2.567,148.73,6.921,66.959,28.243,203.617,2.463,207.899,2.075,1,Agtron 45
11.545,7.325,147.233,26.708,67.526,29.278,52.059,27.125,136.358,2.995,141.365,6.384,49.755,23.59,203.054,2.421,207.388,1.985,1,Agtron 45
13.436,3.828,172.375,24.972,91.866,31.348,71.183,28.96,139.165,2.543,150.115,6.828,65.889,25.614,203.617,2.463,207.899,2.075,1,Agtron 55
12.457,4.17,172.959,24.519,86.705,33.241,65.552,30.52,139.767,3.679,148.591,7.666,61.041,26.97,203.054,2.421,207.388,1.985,1,Agtron 55
14.253,4.888,178.936,23.411,97.532,31.746,75.863,29.495,139.424,2.428,152.773,6.887,69.837,26.218,203.617,2.463,207.899,2.075,1,Agtron 65
14.292,4.337,178.158,20.002,91.736,28.79,71.211,26.473,138.843,2.801,151.736,6.71,65.575,23.291,203.054,2.421,207.388,1.985,1,Agtron 65
15.093,4.384,181.217,24.701,115.377,33.529,91.19,31.65,140.198,2.63,157.759,6.971,83.502,28.797,203.617,2.463,207.899,2.075,1,Agtron 75
14.363,3.203,180.915,22.971,102.469,34.059,79.774,31.582,139.844,2.794,154.433,7.442,73.307,28.384,203.054,2.421,207.388,1.985,1,Agtron 75
18.575,33.946,93.242,31.466,47.66,27.697,40.087,27.963,131.763,2.254,133.276,3.632,39.534,24.41,203.714,0.89,208.383,0.767,0,Agtron 25
69.797,56.788,49.915,35.9,36.323,28.918,33.455,30.768,128.882,2.169,128.882,3.144,33.232,27.397,205.047,0.865,209.663,0.871,0,Agtron 25
13.991,17.989,131.003,28.917,60.658,26.89,48.591,25.773,134.258,2.435,138.786,5.084,46.737,22.348,203.714,0.89,208.383,0.767,0,Agtron 35
14.348,24.266,107.894,27.996,52.226,25.314,42.298,24.045,133.12,2.545,135.377,4.384,41.484,20.789,205.047,0.865,209.663,0.871,0,Agtron 35
14.13,13.293,153.349,25.126,82.451,34.09,65.747,31.295,136.753,2.79,145.691,7.227,61.496,27.606,203.714,0.89,208.383,0.767,0,Agtron 45
13.149,17.788,133.835,26.972,63.591,29.66,49.972,26.895,135.263,3.198,139.694,6.382,47.951,23.399,205.047,0.865,209.663,0.871,0,Agtron 45
14.28,9.55,159.665,24.421,87.563,32.891,69.945,30.242,137.12,2.602,147.863,7.239,65.021,26.657,203.714,0.89,208.383,0.767,0,Agtron 55
12.61,9.929,163.593,23.77,82.671,33.357,63.114,29.915,138.838,3.949,146.666,7.835,59.009,26.285,205.047,0.865,209.663,0.871,0,Agtron 55
14.784,8.469,169.476,23.167,96.652,34.197,76.952,31.294,138.026,2.714,151.461,7.635,71.008,27.785,203.714,0.89,208.383,0.767,0,Agtron 65
14.703,9.152,169.946,20.661,92.157,30.538,72.874,27.828,137.996,3.043,150.773,7.312,67.203,24.477,205.047,0.865,209.663,0.871,0,Agtron 65
15.355,7.328,179.417,24.378,109.847,34.705,87.324,32.352,139.183,2.742,156.289,7.744,80.052,29.089,203.714,0.89,208.383,0.767,0,Agtron 75
14.229,8.091,175.411,22.496,103.483,35.764,80.853,32.696,139.871,3.056,153.518,7.895,74.453,29.361,205.047,0.865,209.663,0.871,0,Agtron 75
11.254,3.556,131.758,26.349,30.259,13.244,20.353,12.193,131.496,2.26,132.842,2.957,22.887,10.563,156.597,1.485,161.567,1.387,0,Agtron 25
10.145,2.547,154.921,22.203,38.581,16.598,25.225,14.58,134.089,2.927,135.511,4.408,26.996,12.374,156.597,1.485,161.567,1.387,0,Agtron 35
10.713,2.774,169.061,21.283,52.795,23.16,36.174,20.613,136.695,3.611,140.056,6.584,35.996,17.268,156.597,1.485,161.567,1.387,0,Agtron 45
10.346,2.814,175.707,19.477,61.902,23.012,42.738,20.863,138.858,3.527,142.548,6.195,41.313,17.587,156.597,1.485,161.567,1.387,0,Agtron 55
12.32,2.866,185.313,19.261,68.03,22.976,48.671,21.437,138.626,3.136,145.952,6.795,46.057,18.008,156.597,1.485,161.567,1.387,0,Agtron 75
11.78,2.58,177.828,19.394,64.785,23.308,46.294,21.444,138.112,3.255,144.135,6.587,44.231,18.004,156.597,1.485,161.567,1.387,0,Agtron 65
17.091,9.578,107.809,21.658,48.912,14.287,42.443,15.11,130.177,1.247,136.739,1.925,41.332,13.385,171.53,4.321,169.58,4.152,1,Agtron 25
15.546,8.691,135.668,19.332,57.655,15.173,47.461,15.663,132.545,1.33,140.524,3.143,45.452,13.747,171.53,4.321,169.58,4.152,1,Agtron 35
15.39,9.576,147.329,20.002,70.203,19.432,57.306,19.182,134.375,1.963,144.142,4.633,53.761,17.079,171.53,4.321,169.58,4.152,1,Agtron 45
14.535,3.176,151.178,16.783,77.659,17.296,63.206,17.155,135.481,1.948,145.997,3.826,58.746,15.138,171.53,4.321,169.58,4.152,1,Agtron 55
16.506,7.703,162.101,18.166,83.06,17.763,68.517,17.899,134.965,2.151,149.47,4.459,63.04,15.951,171.53,4.321,169.58,4.152,1,Agtron 75
15.975,3.773,156.505,16.518,77.937,17.679,64.396,17.414,134.445,1.977,147.547,4.273,59.572,15.261,171.53,4.321,169.58,4.152,1,Agtron 65
12.473,7.194,157.814,32.048,45.782,24.137,33.565,23.794,133.329,2.403,137.247,5.074,33.873,20.599,206.045,2.085,209.229,1.449,1,Agtron 25
12.159,14.956,108.386,32.965,47.171,25.552,38.6,26.179,131.976,2.026,134.176,3.738,38.403,22.738,206.045,2.085,209.229,1.449,1,Agtron 25
11.711,7.819,138.995,28.94,64.501,29.08,50.798,28.015,135.277,2.564,139.705,5.392,48.815,24.63,206.045,2.085,209.229,1.449,1,Agtron 35
12.063,7.354,154.826,26.411,72.95,33.482,56.065,30.347,137.056,3.409,143.407,7.519,53.183,26.57,206.045,2.085,209.229,1.449,1,Agtron 45
12.532,5.822,167.288,23.115,83.261,33.184,63.721,31.052,138.675,3.475,147.171,7.505,59.594,27.385,206.045,2.085,209.229,1.449,1,Agtron 55
14.313,5.687,167.142,26.022,87.033,30.477,69.001,29.346,137.355,3.379,148.919,6.653,64.016,25.998,206.045,2.085,209.229,1.449,1,Agtron 65
14.376,5.777,175.421,25.111,90.584,34.166,70.927,32.156,138.13,3.466,150.805,7.85,65.641,28.635,206.045,2.085,209.229,1.449,1,Agtron 75
52.984,51.867,34.492,25.381,29.393,26.037,26.754,28.227,128.182,1.432,128.979,2.213,27.667,25.026,206.045,2.085,209.229,1.449,1,Agtron 25
59.826,53.142,34.902,24.392,28.311,22.484,25.649,25.006,128.233,1.252,128.637,1.913,26.666,21.992,206.045,2.085,209.229,1.449,1,Agtron 25
15.732,25.752,95.38,31.339,46.524,25.753,38.885,25.759,131.597,2.12,133.736,3.954,38.502,22.389,201.976,3.832,206.399,3.444,0,Agtron 25
13.686,17.74,126.187,28.628,60.432,27.354,48.479,25.324,134.275,2.704,138.459,5.432,46.618,22.022,201.976,3.832,206.399,3.444,0,Agtron 35
13.414,15.423,142.395,27.946,71.405,33.685,56.338,30.033,135.997,3.543,142.32,7.697,53.366,26.322,201.976,3.832,206.399,3.444,0,Agtron 45
13.274,12.078,158.132,24.502,81.755,33.257,63.918,30.627,137.641,3.663,145.977,7.613,59.769,27.002,201.976,3.832,206.399,3.444,0,Agtron 55
14.909,10.423,160.501,26.462,87.948,33.548,71.023,31.55,136.559,3.697,148.28,7.356,65.89,27.995,201.976,3.832,206.399,3.444,0,Agtron 65
14.88,10.759,168.353,25.863,91.289,36.143,72.788,33.531,137.32,3.723,150.102,8.468,67.368,29.881,201.976,3.832,206.399,3.444,0,Agtron 75
14.333,2.813,138.703,21.516,83.042,29.422,69.205,29.732,135.194,2.721,144.858,4.736,64.649,28.1,239.531,4.405,240.89,3.949,1,Agtron 65
12.589,2.514,132.074,15.685,77.029,23.713,63.05,22.368,135.696,2.382,142.621,4.864,59.17,19.844,239.531,4.405,240.89,3.949,1,Agtron 55
12.246,2.967,122.097,19.201,64.862,23.479,53.03,22.121,134.271,2.365,139.441,4.752,50.646,19.272,239.531,4.405,240.89,3.949,1,Agtron 45
12.113,2.907,111.225,21.089,58.091,22.171,48.188,22.341,133.092,1.873,137.134,3.782,46.624,19.729,239.531,4.405,240.89,3.949,1,Agtron 35
12.955,7.426,83.143,20.661,47.917,22.622,41.494,24.069,130.842,1.534,133.527,2.562,41.101,20.98,239.531,4.405,240.89,3.949,1,Agtron 25
14.467,2.215,141.718,17.181,82.14,27.253,68.023,26.396,135.237,2.511,145.364,4.876,63.43,24.322,239.531,4.405,240.89,3.949,1,Agtron 75
15.288,2.784,146.844,22.237,76.495,26.097,63.467,25.657,134.202,2.502,145.206,5.769,59.299,22.355,175.701,3.621,180.772,3.533,0,Agtron 65
12.865,4.339,132.712,15.936,69.307,24.081,56.434,22.879,134.717,2.202,141.407,5.205,53.406,19.668,175.701,3.621,180.772,3.533,0,Agtron 55
13.02,2.657,123.176,20.103,59.647,24.322,48.812,22.972,133.277,2.176,138.846,5.111,46.953,19.655,175.701,3.621,180.772,3.533,0,Agtron 45
12.671,6.29,109.474,21.584,52.789,20.539,43.81,20.297,132.288,1.8,136.33,3.919,42.667,17.254,175.701,3.621,180.772,3.533,0,Agtron 35
14.16,15.867,77.836,22.622,43.558,19.565,37.75,20.468,130.437,1.532,132.762,2.568,37.608,17.347,175.701,3.621,180.772,3.533,0,Agtron 25
15.156,2.221,144.71,16.48,81.487,26.214,67.9,24.973,134.553,2.33,146.05,5.602,63.169,21.713,175.701,3.621,180.772,3.533,0,Agtron 75
9.081,14.062,104.049,31.432,27.941,14.059,19.229,13.45,131.211,2.248,131.089,1.942,21.876,12.173,172.685,2.161,178.815,2.054,0,Agtron 25
8.696,2.575,148.656,29.134,39.173,18.902,25.755,16.387,134.396,3.282,134.973,4.666,27.388,14.06,172.685,2.161,178.815,2.054,0,Agtron 35
8.98,3.047,169.299,31.252,50.079,24.352,33.204,21.362,137.08,4.226,138.302,6.159,33.446,18.219,172.685,2.161,178.815,2.054,0,Agtron 45
10.073,2.821,179.771,28.379,57.969,24.722,39.506,22.608,138.281,4.164,141.281,6.456,38.515,19.288,172.685,2.161,178.815,2.054,0,Agtron 55
12.397,7.115,180.058,26.925,69.577,27.829,50.657,26.502,138.41,4.021,145.307,7.583,47.883,22.852,172.685,2.161,178.815,2.054,0,Agtron 65
11.895,4.214,190.023,21.52,70.317,28.335,49.726,25.702,139.493,4.216,146.456,8.186,46.846,21.952,172.685,2.161,178.815,2.054,0,Agtron 75
10.008,3.064,140.967,31.003,24.678,13.752,14.994,12.912,131.109,2.205,131.583,2.403,18.014,11.901,173.172,2.577,179.84,2.377,1,Agtron 25
10.231,1.952,182.41,25.99,38.573,17.968,23.342,16.203,134.915,3.137,136.319,5.516,25.307,13.706,173.172,2.577,179.84,2.377,1,Agtron 35
10.328,2.4,195.376,22.867,51.739,22.565,32.518,20.321,138.299,3.981,140.828,7.111,32.703,16.901,173.172,2.577,179.84,2.377,1,Agtron 45
10.124,2.618,195.034,17.88,67.66,21.375,44.526,20.093,141.964,3.646,145.576,6.375,42.366,16.912,173.172,2.577,179.84,2.377,1,Agtron 55
13.217,2.745,195.761,25.858,76.291,24.085,55.283,25.002,139.796,3.347,149.404,6.629,51.471,22.112,173.172,2.577,179.84,2.377,1,Agtron 65
12.961,2.397,202.731,17.991,78.117,22.94,55.264,21.951,141.091,3.309,150.827,6.961,51.115,18.821,173.172,2.577,179.84,2.377,1,Agtron 75
