device_id;name_coffee;name_paper;agtron;flash;X1;Y1;X2;Y2;H
5;025_00_00_05_122848.jpg;025_01_00_05_122822.jpg;25;0;1783;1253;2741;2211;958
5;025_00_00_05_122904.jpg;025_01_00_05_122822.jpg;25;0;1783;1253;2741;2211;958
5;025_00_00_05_122921.jpg;025_01_00_05_122822.jpg;25;0;1783;1253;2741;2211;958
5;025_00_00_05_122938.jpg;025_01_00_05_122822.jpg;25;0;1783;1253;2741;2211;958
5;025_00_00_05_123008.jpg;025_01_00_05_122822.jpg;25;0;1783;1253;2741;2211;958
5;025_00_00_05_123057.jpg;025_01_00_05_123029.jpg;25;0;1783;1253;2741;2211;958
5;025_00_00_05_123151.jpg;025_01_00_05_123029.jpg;25;0;1783;1253;2741;2211;958
5;025_00_00_05_123212.jpg;025_01_00_05_123029.jpg;25;0;1783;1253;2741;2211;958
5;025_00_00_05_123232.jpg;025_01_00_05_123029.jpg;25;0;1783;1253;2741;2211;958
5;025_00_00_05_123256.jpg;025_01_00_05_123029.jpg;25;0;1783;1253;2741;2211;958
5;025_00_00_05_123317.jpg;025_01_00_05_123029.jpg;25;0;1783;1253;2741;2211;958
5;025_00_00_05_123331.jpg;025_01_00_05_123029.jpg;25;0;1783;1253;2741;2211;958
5;025_00_00_05_123349.jpg;025_01_00_05_123029.jpg;25;0;1783;1253;2741;2211;958
5;035_00_00_05_123541.jpg;035_01_00_05_123514.jpg;35;0;1783;1253;2741;2211;958
5;035_00_00_05_123555.jpg;035_01_00_05_123514.jpg;35;0;1783;1253;2741;2211;958
5;035_00_00_05_123608.jpg;035_01_00_05_123514.jpg;35;0;1783;1253;2741;2211;958
5;035_00_00_05_123622.jpg;035_01_00_05_123514.jpg;35;0;1783;1253;2741;2211;958
5;035_00_00_05_123637.jpg;035_01_00_05_123514.jpg;35;0;1783;1253;2741;2211;958
5;035_00_00_05_123722.jpg;035_01_00_05_123712.jpg;35;0;1783;1253;2741;2211;958
5;035_00_00_05_123736.jpg;035_01_00_05_123712.jpg;35;0;1783;1253;2741;2211;958
5;035_00_00_05_123751.jpg;035_01_00_05_123712.jpg;35;0;1783;1253;2741;2211;958
5;035_00_00_05_123806.jpg;035_01_00_05_123712.jpg;35;0;1783;1253;2741;2211;958
5;035_00_00_05_123821.jpg;035_01_00_05_123712.jpg;35;0;1783;1253;2741;2211;958
5;035_00_00_05_123835.jpg;035_01_00_05_123712.jpg;35;0;1783;1253;2741;2211;958
5;045_00_00_05_123951.jpg;045_01_00_05_123929.jpg;45;0;1783;1253;2741;2211;958
5;045_00_00_05_123959.jpg;045_01_00_05_123929.jpg;45;0;1783;1253;2741;2211;958
5;045_00_00_05_124013.jpg;045_01_00_05_123929.jpg;45;0;1783;1253;2741;2211;958
5;045_00_00_05_124032.jpg;045_01_00_05_123929.jpg;45;0;1783;1253;2741;2211;958
5;045_00_00_05_124049.jpg;045_01_00_05_123929.jpg;45;0;1783;1253;2741;2211;958
5;045_00_00_05_124109.jpg;045_01_00_05_123929.jpg;45;0;1783;1253;2741;2211;958
5;045_00_00_05_124124.jpg;045_01_00_05_123929.jpg;45;0;1783;1253;2741;2211;958
5;045_00_00_05_124136.jpg;045_01_00_05_123929.jpg;45;0;1783;1253;2741;2211;958
5;045_00_00_05_124148.jpg;045_01_00_05_123929.jpg;45;0;1783;1253;2741;2211;958
5;045_00_00_05_124204.jpg;045_01_00_05_123929.jpg;45;0;1783;1253;2741;2211;958
5;055_00_00_05_124322.jpg;055_01_00_05_124301.jpg;55;0;1783;1253;2741;2211;958
5;055_00_00_05_124333.jpg;055_01_00_05_124301.jpg;55;0;1783;1253;2741;2211;958
5;055_00_00_05_124344.jpg;055_01_00_05_124301.jpg;55;0;1783;1253;2741;2211;958
5;055_00_00_05_124356.jpg;055_01_00_05_124301.jpg;55;0;1783;1253;2741;2211;958
5;055_00_00_05_124408.jpg;055_01_00_05_124301.jpg;55;0;1783;1253;2741;2211;958
5;055_00_00_05_124422.jpg;055_01_00_05_124301.jpg;55;0;1783;1253;2741;2211;958
5;055_00_00_05_124436.jpg;055_01_00_05_124301.jpg;55;0;1783;1253;2741;2211;958
5;055_00_00_05_124449.jpg;055_01_00_05_124301.jpg;55;0;1783;1253;2741;2211;958
5;055_00_00_05_124501.jpg;055_01_00_05_124301.jpg;55;0;1783;1253;2741;2211;958
5;065_00_00_05_124628.jpg;065_01_00_05_124542.jpg;65;0;1783;1253;2741;2211;958
5;065_00_00_05_124639.jpg;065_01_00_05_124542.jpg;65;0;1783;1253;2741;2211;958
5;065_00_00_05_124655.jpg;065_01_00_05_124542.jpg;65;0;1783;1253;2741;2211;958
5;065_00_00_05_124715.jpg;065_01_00_05_124542.jpg;65;0;1783;1253;2741;2211;958
5;065_00_00_05_124732.jpg;065_01_00_05_124542.jpg;65;0;1783;1253;2741;2211;958
5;065_00_00_05_124746.jpg;065_01_00_05_124542.jpg;65;0;1783;1253;2741;2211;958
5;065_00_00_05_124805.jpg;065_01_00_05_124542.jpg;65;0;1783;1253;2741;2211;958
5;065_00_00_05_124901.jpg;065_01_00_05_124542.jpg;65;0;1783;1253;2741;2211;958
5;065_00_00_05_124914.jpg;065_01_00_05_124542.jpg;65;0;1783;1253;2741;2211;958
5;065_00_00_05_124930.jpg;065_01_00_05_124542.jpg;65;0;1783;1253;2741;2211;958
5;065_00_00_05_124942.jpg;065_01_00_05_124542.jpg;65;0;1783;1253;2741;2211;958
5;065_00_00_05_125111.jpg;065_01_00_05_125101.jpg;65;0;1783;1253;2741;2211;958
5;065_00_00_05_125121.jpg;065_01_00_05_125101.jpg;65;0;1783;1253;2741;2211;958
5;065_00_00_05_125135.jpg;065_01_00_05_125101.jpg;65;0;1783;1253;2741;2211;958
5;065_00_00_05_125149.jpg;065_01_00_05_125101.jpg;65;0;1783;1253;2741;2211;958
5;065_00_00_05_125203.jpg;065_01_00_05_125101.jpg;65;0;1783;1253;2741;2211;958
5;065_00_00_05_125230.jpg;065_01_00_05_125101.jpg;65;0;1783;1253;2741;2211;958
5;065_00_00_05_125245.jpg;065_01_00_05_125101.jpg;65;0;1783;1253;2741;2211;958
5;065_00_00_05_125304.jpg;065_01_00_05_125101.jpg;65;0;1783;1253;2741;2211;958
5;065_00_00_05_125325.jpg;065_01_00_05_125101.jpg;65;0;1783;1253;2741;2211;958
5;065_00_00_05_125339.jpg;065_01_00_05_125101.jpg;65;0;1783;1253;2741;2211;958
5;065_00_00_05_125358.jpg;065_01_00_05_125101.jpg;65;0;1783;1253;2741;2211;958
5;065_00_00_05_125412.jpg;065_01_00_05_125101.jpg;65;0;1783;1253;2741;2211;958
5;065_00_00_05_125425.jpg;065_01_00_05_125101.jpg;65;0;1783;1253;2741;2211;958
5;075_00_00_05_125550.jpg;075_01_00_05_125537.jpg;75;0;1783;1253;2741;2211;958
5;075_00_00_05_125601.jpg;075_01_00_05_125537.jpg;75;0;1783;1253;2741;2211;958
5;075_00_00_05_125615.jpg;075_01_00_05_125537.jpg;75;0;1783;1253;2741;2211;958
5;075_00_00_05_125628.jpg;075_01_00_05_125537.jpg;75;0;1783;1253;2741;2211;958
5;075_00_00_05_125640.jpg;075_01_00_05_125537.jpg;75;0;1783;1253;2741;2211;958
5;075_00_00_05_125653.jpg;075_01_00_05_125537.jpg;75;0;1783;1253;2741;2211;958
5;075_00_00_05_125704.jpg;075_01_00_05_125537.jpg;75;0;1783;1253;2741;2211;958
5;075_00_00_05_125716.jpg;075_01_00_05_125537.jpg;75;0;1783;1253;2741;2211;958
5;075_00_00_05_125731.jpg;075_01_00_05_125537.jpg;75;0;1783;1253;2741;2211;958
5;075_00_00_05_125743.jpg;075_01_00_05_125537.jpg;75;0;1783;1253;2741;2211;958
5;075_00_00_05_125910.jpg;075_01_00_05_125537.jpg;75;0;1783;1253;2741;2211;958
5;075_00_00_05_125951.jpg;075_01_00_05_125537.jpg;75;0;1783;1253;2741;2211;958
1;25_F_i11_4542.jpeg;25_F_i11_4541.jpeg;25;1;1003;1496;1980;2473;977
1;25_F_i11_4543.jpeg;25_F_i11_4541.jpeg;25;1;1003;1496;1980;2473;977
1;25_F_i11_4544.jpeg;25_F_i11_4541.jpeg;25;1;1003;1496;1980;2473;977
1;25_F_i11_4545.jpeg;25_F_i11_4541.jpeg;25;1;1003;1496;1980;2473;977
1;25_F_i11_4546.jpeg;25_F_i11_4541.jpeg;25;1;1003;1496;1980;2473;977
1;25_F_i11_4547.jpeg;25_F_i11_4541.jpeg;25;1;1003;1496;1980;2473;977
1;25_F_i11_4548.jpeg;25_F_i11_4541.jpeg;25;1;1003;1496;1980;2473;977
1;25_F_i11_4549.jpeg;25_F_i11_4541.jpeg;25;1;1003;1496;1980;2473;977
1;25_F_i11_4550.jpeg;25_F_i11_4541.jpeg;25;1;1003;1496;1980;2473;977
1;25_F_i11_4551.jpeg;25_F_i11_4541.jpeg;25;1;1003;1496;1980;2473;977
1;25_F_i11_4552.jpeg;25_F_i11_4541.jpeg;25;1;1003;1496;1980;2473;977
1;25_F_i11_4553.jpeg;25_F_i11_4541.jpeg;25;1;1003;1496;1980;2473;977
1;25_F_i11_4554.jpeg;25_F_i11_4541.jpeg;25;1;1003;1496;1980;2473;977
1;25_F_i11_4555.jpeg;25_F_i11_4541.jpeg;25;1;1003;1496;1980;2473;977
1;25_F_i11_4556.jpeg;25_F_i11_4541.jpeg;25;1;1003;1496;1980;2473;977
1;25_F_i11_4557.jpeg;25_F_i11_4541.jpeg;25;1;1003;1496;1980;2473;977
1;25_F_i11_4558.jpeg;25_F_i11_4541.jpeg;25;1;1003;1496;1980;2473;977
1;25_F_i11_4559.jpeg;25_F_i11_4541.jpeg;25;1;1003;1496;1980;2473;977
1;25_F_i11_4560.jpeg;25_F_i11_4541.jpeg;25;1;1003;1496;1980;2473;977
1;25_F_i11_4561.jpeg;25_F_i11_4541.jpeg;25;1;1003;1496;1980;2473;977
1;25_F_i11_4562.jpeg;25_F_i11_4541.jpeg;25;1;1003;1496;1980;2473;977
1;25_F_i11_4563.jpeg;25_F_i11_4541.jpeg;25;1;1003;1496;1980;2473;977
1;25_F_i11_4564.jpeg;25_F_i11_4541.jpeg;25;1;1003;1496;1980;2473;977
1;25_F_i11_4565.jpeg;25_F_i11_4541.jpeg;25;1;1003;1496;1980;2473;977
1;35_F_i11_4514.jpeg;35_F_i11_4513.jpeg;35;1;1003;1496;1980;2473;977
1;35_F_i11_4515.jpeg;35_F_i11_4513.jpeg;35;1;1003;1496;1980;2473;977
1;35_F_i11_4516.jpeg;35_F_i11_4513.jpeg;35;1;1003;1496;1980;2473;977
1;35_F_i11_4517.jpeg;35_F_i11_4513.jpeg;35;1;1003;1496;1980;2473;977
1;35_F_i11_4518.jpeg;35_F_i11_4513.jpeg;35;1;1003;1496;1980;2473;977
1;35_F_i11_4519.jpeg;35_F_i11_4513.jpeg;35;1;1003;1496;1980;2473;977
1;35_F_i11_4520.jpeg;35_F_i11_4513.jpeg;35;1;1003;1496;1980;2473;977
1;35_F_i11_4521.jpeg;35_F_i11_4513.jpeg;35;1;1003;1496;1980;2473;977
1;35_F_i11_4522.jpeg;35_F_i11_4513.jpeg;35;1;1003;1496;1980;2473;977
1;35_F_i11_4523.jpeg;35_F_i11_4513.jpeg;35;1;1003;1496;1980;2473;977
1;35_F_i11_4524.jpeg;35_F_i11_4513.jpeg;35;1;1003;1496;1980;2473;977
1;35_F_i11_4526.jpeg;35_F_i11_4525.jpeg;35;1;1003;1496;1980;2473;977
1;35_F_i11_4527.jpeg;35_F_i11_4525.jpeg;35;1;1003;1496;1980;2473;977
1;35_F_i11_4528.jpeg;35_F_i11_4525.jpeg;35;1;1003;1496;1980;2473;977
1;35_F_i11_4529.jpeg;35_F_i11_4525.jpeg;35;1;1003;1496;1980;2473;977
1;35_F_i11_4530.jpeg;35_F_i11_4525.jpeg;35;1;1003;1496;1980;2473;977
1;35_F_i11_4531.jpeg;35_F_i11_4525.jpeg;35;1;1003;1496;1980;2473;977
1;35_F_i11_4532.jpeg;35_F_i11_4525.jpeg;35;1;1003;1496;1980;2473;977
1;35_F_i11_4533.jpeg;35_F_i11_4525.jpeg;35;1;1003;1496;1980;2473;977
1;35_F_i11_4534.jpeg;35_F_i11_4525.jpeg;35;1;1003;1496;1980;2473;977
1;35_F_i11_4535.jpeg;35_F_i11_4525.jpeg;35;1;1003;1496;1980;2473;977
1;35_F_i11_4536.jpeg;35_F_i11_4525.jpeg;35;1;1003;1496;1980;2473;977
1;35_F_i11_4537.jpeg;35_F_i11_4525.jpeg;35;1;1003;1496;1980;2473;977
1;35_F_i11_4538.jpeg;35_F_i11_4525.jpeg;35;1;1003;1496;1980;2473;977
1;35_F_i11_4539.jpeg;35_F_i11_4525.jpeg;35;1;1003;1496;1980;2473;977
1;35_F_i11_4540.jpeg;35_F_i11_4525.jpeg;35;1;1003;1496;1980;2473;977
1;45_F_i11_4501.jpeg;45_F_i11_4500.jpeg;45;1;1003;1496;1980;2473;977
1;45_F_i11_4502.jpeg;45_F_i11_4500.jpeg;45;1;1003;1496;1980;2473;977
1;45_F_i11_4503.jpeg;45_F_i11_4500.jpeg;45;1;1003;1496;1980;2473;977
1;45_F_i11_4504.jpeg;45_F_i11_4500.jpeg;45;1;1003;1496;1980;2473;977
1;45_F_i11_4505.jpeg;45_F_i11_4500.jpeg;45;1;1003;1496;1980;2473;977
1;45_F_i11_4506.jpeg;45_F_i11_4500.jpeg;45;1;1003;1496;1980;2473;977
1;45_F_i11_4507.jpeg;45_F_i11_4500.jpeg;45;1;1003;1496;1980;2473;977
1;45_F_i11_4508.jpeg;45_F_i11_4500.jpeg;45;1;1003;1496;1980;2473;977
1;45_F_i11_4509.jpeg;45_F_i11_4500.jpeg;45;1;1003;1496;1980;2473;977
1;45_F_i11_4510.jpeg;45_F_i11_4500.jpeg;45;1;1003;1496;1980;2473;977
1;45_F_i11_4511.jpeg;45_F_i11_4500.jpeg;45;1;1003;1496;1980;2473;977
1;45_F_i11_4512.jpeg;45_F_i11_4500.jpeg;45;1;1003;1496;1980;2473;977
1;55_F_i11_4480.jpeg;55_F_i11_4479.jpeg;55;1;1003;1496;1980;2473;977
1;55_F_i11_4481.jpeg;55_F_i11_4479.jpeg;55;1;1003;1496;1980;2473;977
1;55_F_i11_4482.jpeg;55_F_i11_4479.jpeg;55;1;1003;1496;1980;2473;977
1;55_F_i11_4483.jpeg;55_F_i11_4479.jpeg;55;1;1003;1496;1980;2473;977
1;55_F_i11_4484.jpeg;55_F_i11_4479.jpeg;55;1;1003;1496;1980;2473;977
1;55_F_i11_4485.jpeg;55_F_i11_4479.jpeg;55;1;1003;1496;1980;2473;977
1;55_F_i11_4486.jpeg;55_F_i11_4479.jpeg;55;1;1003;1496;1980;2473;977
1;55_F_i11_4487.jpeg;55_F_i11_4479.jpeg;55;1;1003;1496;1980;2473;977
1;55_F_i11_4488.jpeg;55_F_i11_4479.jpeg;55;1;1003;1496;1980;2473;977
1;55_F_i11_4489.jpeg;55_F_i11_4479.jpeg;55;1;1003;1496;1980;2473;977
1;55_F_i11_4490.jpeg;55_F_i11_4479.jpeg;55;1;1003;1496;1980;2473;977
1;55_F_i11_4491.jpeg;55_F_i11_4479.jpeg;55;1;1003;1496;1980;2473;977
1;55_F_i11_4492.jpeg;55_F_i11_4479.jpeg;55;1;1003;1496;1980;2473;977
1;55_F_i11_4493.jpeg;55_F_i11_4479.jpeg;55;1;1003;1496;1980;2473;977
1;55_F_i11_4494.jpeg;55_F_i11_4479.jpeg;55;1;1003;1496;1980;2473;977
1;55_F_i11_4495.jpeg;55_F_i11_4479.jpeg;55;1;1003;1496;1980;2473;977
1;55_F_i11_4496.jpeg;55_F_i11_4479.jpeg;55;1;1003;1496;1980;2473;977
1;55_F_i11_4497.jpeg;55_F_i11_4479.jpeg;55;1;1003;1496;1980;2473;977
1;55_F_i11_4498.jpeg;55_F_i11_4479.jpeg;55;1;1003;1496;1980;2473;977
1;55_F_i11_4499.jpeg;55_F_i11_4479.jpeg;55;1;1003;1496;1980;2473;977
1;65_F_i11_4450.jpeg;65_F_i11_4449.jpeg;65;1;1003;1496;1980;2473;977
1;65_F_i11_4451.jpeg;65_F_i11_4449.jpeg;65;1;1003;1496;1980;2473;977
1;65_F_i11_4452.jpeg;65_F_i11_4449.jpeg;65;1;1003;1496;1980;2473;977
1;65_F_i11_4453.jpeg;65_F_i11_4449.jpeg;65;1;1003;1496;1980;2473;977
1;65_F_i11_4454.jpeg;65_F_i11_4449.jpeg;65;1;1003;1496;1980;2473;977
1;65_F_i11_4455.jpeg;65_F_i11_4449.jpeg;65;1;1003;1496;1980;2473;977
1;65_F_i11_4456.jpeg;65_F_i11_4449.jpeg;65;1;1003;1496;1980;2473;977
1;65_F_i11_4457.jpeg;65_F_i11_4449.jpeg;65;1;1003;1496;1980;2473;977
1;65_F_i11_4458.jpeg;65_F_i11_4449.jpeg;65;1;1003;1496;1980;2473;977
1;65_F_i11_4459.jpeg;65_F_i11_4449.jpeg;65;1;1003;1496;1980;2473;977
1;65_F_i11_4460.jpeg;65_F_i11_4449.jpeg;65;1;1003;1496;1980;2473;977
1;65_F_i11_4461.jpeg;65_F_i11_4449.jpeg;65;1;1003;1496;1980;2473;977
1;65_F_i11_4462.jpeg;65_F_i11_4449.jpeg;65;1;1003;1496;1980;2473;977
1;65_F_i11_4463.jpeg;65_F_i11_4449.jpeg;65;1;1003;1496;1980;2473;977
1;65_F_i11_4465.jpeg;65_F_i11_4464.jpeg;65;1;1003;1496;1980;2473;977
1;65_F_i11_4466.jpeg;65_F_i11_4464.jpeg;65;1;1003;1496;1980;2473;977
1;65_F_i11_4467.jpeg;65_F_i11_4464.jpeg;65;1;1003;1496;1980;2473;977
1;65_F_i11_4468.jpeg;65_F_i11_4464.jpeg;65;1;1003;1496;1980;2473;977
1;65_F_i11_4469.jpeg;65_F_i11_4464.jpeg;65;1;1003;1496;1980;2473;977
1;65_F_i11_4470.jpeg;65_F_i11_4464.jpeg;65;1;1003;1496;1980;2473;977
1;65_F_i11_4471.jpeg;65_F_i11_4464.jpeg;65;1;1003;1496;1980;2473;977
1;65_F_i11_4472.jpeg;65_F_i11_4464.jpeg;65;1;1003;1496;1980;2473;977
1;65_F_i11_4473.jpeg;65_F_i11_4464.jpeg;65;1;1003;1496;1980;2473;977
1;65_F_i11_4474.jpeg;65_F_i11_4464.jpeg;65;1;1003;1496;1980;2473;977
1;65_F_i11_4475.jpeg;65_F_i11_4464.jpeg;65;1;1003;1496;1980;2473;977
1;65_F_i11_4476.jpeg;65_F_i11_4464.jpeg;65;1;1003;1496;1980;2473;977
1;65_F_i11_4477.jpeg;65_F_i11_4464.jpeg;65;1;1003;1496;1980;2473;977
1;65_F_i11_4478.jpeg;65_F_i11_4464.jpeg;65;1;1003;1496;1980;2473;977
1;75_F_i11_4435.jpeg;75_F_i11_4434.jpeg;75;1;1003;1496;1980;2473;977
1;75_F_i11_4436.jpeg;75_F_i11_4434.jpeg;75;1;1003;1496;1980;2473;977
1;75_F_i11_4437.jpeg;75_F_i11_4434.jpeg;75;1;1003;1496;1980;2473;977
1;75_F_i11_4438.jpeg;75_F_i11_4434.jpeg;75;1;1003;1496;1980;2473;977
1;75_F_i11_4439.jpeg;75_F_i11_4434.jpeg;75;1;1003;1496;1980;2473;977
1;75_F_i11_4440.jpeg;75_F_i11_4434.jpeg;75;1;1003;1496;1980;2473;977
1;75_F_i11_4441.jpeg;75_F_i11_4434.jpeg;75;1;1003;1496;1980;2473;977
1;75_F_i11_4442.jpeg;75_F_i11_4434.jpeg;75;1;1003;1496;1980;2473;977
1;75_F_i11_4443.jpeg;75_F_i11_4434.jpeg;75;1;1003;1496;1980;2473;977
1;75_F_i11_4444.jpeg;75_F_i11_4434.jpeg;75;1;1003;1496;1980;2473;977
1;75_F_i11_4445.jpeg;75_F_i11_4434.jpeg;75;1;1003;1496;1980;2473;977
1;75_F_i11_4446.jpeg;75_F_i11_4434.jpeg;75;1;1003;1496;1980;2473;977
1;75_F_i11_4447.jpeg;75_F_i11_4434.jpeg;75;1;1003;1496;1980;2473;977
1;75_F_i11_4448.jpeg;75_F_i11_4434.jpeg;75;1;1003;1496;1980;2473;977
1;25_L_i11_2948.JPG;25_L_i11_2964.JPG;25;0;1052;1485;1998;2431;946
1;25_L_i11_2955.JPG;25_L_i11_2964.JPG;25;0;1052;1485;1998;2431;946
1;25_L_i11_2977.JPG;25_L_i11_2964.JPG;25;0;1052;1485;1998;2431;946
1;25_L_i11_2986.JPG;25_L_i11_2964.JPG;25;0;1052;1485;1998;2431;946
1;25_L_i11_2999.JPG;25_L_i11_2964.JPG;25;0;1052;1485;1998;2431;946
1;25_L_i11_3009.JPG;25_L_i11_2964.JPG;25;0;1052;1485;1998;2431;946
1;25_L_i11_3018.JPG;25_L_i11_3045.JPG;25;0;1052;1485;1998;2431;946
1;25_L_i11_3027.JPG;25_L_i11_3045.JPG;25;0;1052;1485;1998;2431;946
1;25_L_i11_3039.JPG;25_L_i11_3045.JPG;25;0;1052;1485;1998;2431;946
1;25_L_i11_3058.JPG;25_L_i11_3045.JPG;25;0;1052;1485;1998;2431;946
1;25_L_i11_3065.JPG;25_L_i11_3045.JPG;25;0;1052;1485;1998;2431;946
1;25_L_i11_3076.JPG;25_L_i11_3045.JPG;25;0;1052;1485;1998;2431;946
1;25_L_i11_3087.JPG;25_L_i11_3045.JPG;25;0;1052;1485;1998;2431;946
1;25_L_i11_3094.JPG;25_L_i11_3045.JPG;25;0;1052;1485;1998;2431;946
1;25_L_i11_3109.JPG;25_L_i11_3045.JPG;25;0;1052;1485;1998;2431;946
1;25_L_i11_3115.JPG;25_L_i11_3045.JPG;25;0;1052;1485;1998;2431;946
1;35_L_i11_3138.JPG;35_L_i11_3126.JPG;35;0;1052;1485;1998;2431;946
1;35_L_i11_3149.JPG;35_L_i11_3126.JPG;35;0;1052;1485;1998;2431;946
1;35_L_i11_3157.JPG;35_L_i11_3126.JPG;35;0;1052;1485;1998;2431;946
1;35_L_i11_3164.JPG;35_L_i11_3126.JPG;35;0;1052;1485;1998;2431;946
1;35_L_i11_3178.JPG;35_L_i11_3126.JPG;35;0;1052;1485;1998;2431;946
1;35_L_i11_3186.JPG;35_L_i11_3126.JPG;35;0;1052;1485;1998;2431;946
1;35_L_i11_3195.JPG;35_L_i11_3126.JPG;35;0;1052;1485;1998;2431;946
1;35_L_i11_3208.JPG;35_L_i11_3126.JPG;35;0;1052;1485;1998;2431;946
1;35_L_i11_3215.JPG;35_L_i11_3126.JPG;35;0;1052;1485;1998;2431;946
1;35_L_i11_3226.JPG;35_L_i11_3126.JPG;35;0;1052;1485;1998;2431;946
1;35_L_i11_3234.JPG;35_L_i11_3126.JPG;35;0;1052;1485;1998;2431;946
1;35_L_i11_3254.JPG;35_L_i11_3247.JPG;35;0;1052;1485;1998;2431;946
1;35_L_i11_3269.JPG;35_L_i11_3247.JPG;35;0;1052;1485;1998;2431;946
1;35_L_i11_3277.JPG;35_L_i11_3247.JPG;35;0;1052;1485;1998;2431;946
1;35_L_i11_3284.JPG;35_L_i11_3247.JPG;35;0;1052;1485;1998;2431;946
1;35_L_i11_3295.JPG;35_L_i11_3247.JPG;35;0;1052;1485;1998;2431;946
1;35_L_i11_3306.JPG;35_L_i11_3247.JPG;35;0;1052;1485;1998;2431;946
1;35_L_i11_3317.JPG;35_L_i11_3247.JPG;35;0;1052;1485;1998;2431;946
1;35_L_i11_3324.JPG;35_L_i11_3247.JPG;35;0;1052;1485;1998;2431;946
1;35_L_i11_3334.JPG;35_L_i11_3247.JPG;35;0;1052;1485;1998;2431;946
1;45_L_i11_3356.JPG;45_L_i11_3344.JPG;45;0;1052;1485;1998;2431;946
1;45_L_i11_3366.JPG;45_L_i11_3344.JPG;45;0;1052;1485;1998;2431;946
1;45_L_i11_3376.JPG;45_L_i11_3344.JPG;45;0;1052;1485;1998;2431;946
1;45_L_i11_3387.JPG;45_L_i11_3344.JPG;45;0;1052;1485;1998;2431;946
1;45_L_i11_3395.JPG;45_L_i11_3344.JPG;45;0;1052;1485;1998;2431;946
1;45_L_i11_3407.JPG;45_L_i11_3344.JPG;45;0;1052;1485;1998;2431;946
1;45_L_i11_3419.JPG;45_L_i11_3344.JPG;45;0;1052;1485;1998;2431;946
1;45_L_i11_3424.JPG;45_L_i11_3344.JPG;45;0;1052;1485;1998;2431;946
1;45_L_i11_3436.JPG;45_L_i11_3344.JPG;45;0;1052;1485;1998;2431;946
1;45_L_i11_3445.JPG;45_L_i11_3344.JPG;45;0;1052;1485;1998;2431;946
1;45_L_i11_3456.JPG;45_L_i11_3344.JPG;45;0;1052;1485;1998;2431;946
1;45_L_i11_3468.JPG;45_L_i11_3344.JPG;45;0;1052;1485;1998;2431;946
1;45_L_i11_3475.JPG;45_L_i11_3344.JPG;45;0;1052;1485;1998;2431;946
1;55_L_i11_3499.JPG;55_L_i11_3489.JPG;55;0;1052;1485;1998;2431;946
1;55_L_i11_3505.JPG;55_L_i11_3489.JPG;55;0;1052;1485;1998;2431;946
1;55_L_i11_3518.JPG;55_L_i11_3489.JPG;55;0;1052;1485;1998;2431;946
1;55_L_i11_3528.JPG;55_L_i11_3489.JPG;55;0;1052;1485;1998;2431;946
1;55_L_i11_3534.JPG;55_L_i11_3489.JPG;55;0;1052;1485;1998;2431;946
1;55_L_i11_3546.JPG;55_L_i11_3489.JPG;55;0;1052;1485;1998;2431;946
1;55_L_i11_3558.JPG;55_L_i11_3489.JPG;55;0;1052;1485;1998;2431;946
1;55_L_i11_3566.JPG;55_L_i11_3489.JPG;55;0;1052;1485;1998;2431;946
1;55_L_i11_3586.JPG;55_L_i11_3576.JPG;55;0;1052;1485;1998;2431;946
1;55_L_i11_3594.JPG;55_L_i11_3576.JPG;55;0;1052;1485;1998;2431;946
1;55_L_i11_3609.JPG;55_L_i11_3576.JPG;55;0;1052;1485;1998;2431;946
1;55_L_i11_3614.JPG;55_L_i11_3576.JPG;55;0;1052;1485;1998;2431;946
1;55_L_i11_3628.JPG;55_L_i11_3576.JPG;55;0;1052;1485;1998;2431;946
1;55_L_i11_3637.JPG;55_L_i11_3576.JPG;55;0;1052;1485;1998;2431;946
1;55_L_i11_3647.JPG;55_L_i11_3576.JPG;55;0;1052;1485;1998;2431;946
1;55_L_i11_3654.JPG;55_L_i11_3576.JPG;55;0;1052;1485;1998;2431;946
1;55_L_i11_3667.JPG;55_L_i11_3576.JPG;55;0;1052;1485;1998;2431;946
1;55_L_i11_3679.JPG;55_L_i11_3576.JPG;55;0;1052;1485;1998;2431;946
1;55_L_i11_3684.JPG;55_L_i11_3576.JPG;55;0;1052;1485;1998;2431;946
1;55_L_i11_3695.JPG;55_L_i11_3576.JPG;55;0;1052;1485;1998;2431;946
1;55_L_i11_3706.JPG;55_L_i11_3576.JPG;55;0;1052;1485;1998;2431;946
1;55_L_i11_3719.JPG;55_L_i11_3576.JPG;55;0;1052;1485;1998;2431;946
1;55_L_i11_3724.JPG;55_L_i11_3576.JPG;55;0;1052;1485;1998;2431;946
1;55_L_i11_3739.JPG;55_L_i11_3576.JPG;55;0;1052;1485;1998;2431;946
1;55_L_i11_3747.JPG;55_L_i11_3576.JPG;55;0;1052;1485;1998;2431;946
1;55_L_i11_3756.JPG;55_L_i11_3576.JPG;55;0;1052;1485;1998;2431;946
1;55_L_i11_3764.JPG;55_L_i11_3576.JPG;55;0;1052;1485;1998;2431;946
1;55_L_i11_3779.JPG;55_L_i11_3576.JPG;55;0;1052;1485;1998;2431;946
1;55_L_i11_3785.JPG;55_L_i11_3576.JPG;55;0;1052;1485;1998;2431;946
1;65_L_i11_3888.JPG;65_L_i11_3875.JPG;65;0;1052;1485;1998;2431;946
1;65_L_i11_3895.JPG;65_L_i11_3875.JPG;65;0;1052;1485;1998;2431;946
1;65_L_i11_3906.JPG;65_L_i11_3875.JPG;65;0;1052;1485;1998;2431;946
1;65_L_i11_3916.JPG;65_L_i11_3875.JPG;65;0;1052;1485;1998;2431;946
1;65_L_i11_3927.JPG;65_L_i11_3875.JPG;65;0;1052;1485;1998;2431;946
1;65_L_i11_3938.JPG;65_L_i11_3875.JPG;65;0;1052;1485;1998;2431;946
1;65_L_i11_3949.JPG;65_L_i11_3875.JPG;65;0;1052;1485;1998;2431;946
1;65_L_i11_3958.JPG;65_L_i11_3875.JPG;65;0;1052;1485;1998;2431;946
1;65_L_i11_3967.JPG;65_L_i11_3875.JPG;65;0;1052;1485;1998;2431;946
1;65_L_i11_3977.JPG;65_L_i11_3875.JPG;65;0;1052;1485;1998;2431;946
1;65_L_i11_3990.JPG;65_L_i11_3875.JPG;65;0;1052;1485;1998;2431;946
1;65_L_i11_3995.JPG;65_L_i11_3875.JPG;65;0;1052;1485;1998;2431;946
1;65_L_i11_4006.JPG;65_L_i11_3875.JPG;65;0;1052;1485;1998;2431;946
1;65_L_i11_4021.JPG;65_L_i11_3875.JPG;65;0;1052;1485;1998;2431;946
1;65_L_i11_4027.JPG;65_L_i11_3875.JPG;65;0;1052;1485;1998;2431;946
1;65_L_i11_4038.JPG;65_L_i11_3875.JPG;65;0;1052;1485;1998;2431;946
1;65_L_i11_4048.JPG;65_L_i11_3875.JPG;65;0;1052;1485;1998;2431;946
1;65_L_i11_4057.JPG;65_L_i11_3875.JPG;65;0;1052;1485;1998;2431;946
1;65_L_i11_4071.JPG;65_L_i11_3875.JPG;65;0;1052;1485;1998;2431;946
1;65_L_i11_4077.JPG;65_L_i11_3875.JPG;65;0;1052;1485;1998;2431;946
1;65_L_i11_4098.JPG;65_L_i11_4091.JPG;65;0;1052;1485;1998;2431;946
1;65_L_i11_4110.JPG;65_L_i11_4091.JPG;65;0;1052;1485;1998;2431;946
1;65_L_i11_4119.JPG;65_L_i11_4091.JPG;65;0;1052;1485;1998;2431;946
1;65_L_i11_4127.JPG;65_L_i11_4091.JPG;65;0;1052;1485;1998;2431;946
1;65_L_i11_4141.JPG;65_L_i11_4091.JPG;65;0;1052;1485;1998;2431;946
1;65_L_i11_4150.JPG;65_L_i11_4091.JPG;65;0;1052;1485;1998;2431;946
1;65_L_i11_4156.JPG;65_L_i11_4091.JPG;65;0;1052;1485;1998;2431;946
1;65_L_i11_4166.JPG;65_L_i11_4091.JPG;65;0;1052;1485;1998;2431;946
1;65_L_i11_4178.JPG;65_L_i11_4091.JPG;65;0;1052;1485;1998;2431;946
1;65_L_i11_4187.JPG;65_L_i11_4091.JPG;65;0;1052;1485;1998;2431;946
1;65_L_i11_4198.JPG;65_L_i11_4091.JPG;65;0;1052;1485;1998;2431;946
1;65_L_i11_4209.JPG;65_L_i11_4091.JPG;65;0;1052;1485;1998;2431;946
1;65_L_i11_4219.JPG;65_L_i11_4091.JPG;65;0;1052;1485;1998;2431;946
1;65_L_i11_4231.JPG;65_L_i11_4091.JPG;65;0;1052;1485;1998;2431;946
1;75_L_i11_4250.JPG;75_L_i11_4236.JPG;75;0;1052;1485;1998;2431;946
1;75_L_i11_4257.JPG;75_L_i11_4236.JPG;75;0;1052;1485;1998;2431;946
1;75_L_i11_4267.JPG;75_L_i11_4236.JPG;75;0;1052;1485;1998;2431;946
1;75_L_i11_4278.JPG;75_L_i11_4236.JPG;75;0;1052;1485;1998;2431;946
1;75_L_i11_4287.JPG;75_L_i11_4236.JPG;75;0;1052;1485;1998;2431;946
1;75_L_i11_4300.JPG;75_L_i11_4236.JPG;75;0;1052;1485;1998;2431;946
1;75_L_i11_4306.JPG;75_L_i11_4236.JPG;75;0;1052;1485;1998;2431;946
1;75_L_i11_4317.JPG;75_L_i11_4236.JPG;75;0;1052;1485;1998;2431;946
1;75_L_i11_4329.JPG;75_L_i11_4236.JPG;75;0;1052;1485;1998;2431;946
1;75_L_i11_4340.JPG;75_L_i11_4236.JPG;75;0;1052;1485;1998;2431;946
1;75_L_i11_4346.JPG;75_L_i11_4236.JPG;75;0;1052;1485;1998;2431;946
1;75_L_i11_4356.JPG;75_L_i11_4236.JPG;75;0;1052;1485;1998;2431;946
1;75_L_i11_4371.JPG;75_L_i11_4236.JPG;75;0;1052;1485;1998;2431;946
1;75_L_i11_4380.JPG;75_L_i11_4236.JPG;75;0;1052;1485;1998;2431;946
1;75_L_i11_4388.JPG;75_L_i11_4236.JPG;75;0;1052;1485;1998;2431;946
1;75_L_i11_4396.JPG;75_L_i11_4236.JPG;75;0;1052;1485;1998;2431;946
1;75_L_i11_4411.JPG;75_L_i11_4236.JPG;75;0;1052;1485;1998;2431;946
1;75_L_i11_4417.JPG;75_L_i11_4236.JPG;75;0;1052;1485;1998;2431;946
0;25_L_i12_56.JPG;25_L_i12_50.JPG;25;0;1019;1478;1986;2445;967
0;25_L_i12_57.JPG;25_L_i12_50.JPG;25;0;1019;1478;1986;2445;967
0;25_L_i12_58.JPG;25_L_i12_50.JPG;25;0;1019;1478;1986;2445;967
0;25_L_i12_59.JPG;25_L_i12_50.JPG;25;0;1019;1478;1986;2445;967
0;25_L_i12_73.JPG;25_L_i12_65.JPG;25;0;1019;1478;1986;2445;967
0;25_L_i12_82.JPG;25_L_i12_65.JPG;25;0;1019;1478;1986;2445;967
0;25_L_i12_97.JPG;25_L_i12_65.JPG;25;0;1019;1478;1986;2445;967
0;25_L_i12_102.JPG;25_L_i12_65.JPG;25;0;1019;1478;1986;2445;967
0;35_L_i12_123.JPG;35_L_i12_117.JPG;35;0;1019;1478;1986;2445;967
0;35_L_i12_135.JPG;35_L_i12_117.JPG;35;0;1019;1478;1986;2445;967
0;35_L_i12_143.JPG;35_L_i12_155.JPG;35;0;1019;1478;1986;2445;967
0;35_L_i12_165.JPG;35_L_i12_155.JPG;35;0;1019;1478;1986;2445;967
0;35_L_i12_172.JPG;35_L_i12_155.JPG;35;0;1019;1478;1986;2445;967
0;35_L_i12_186.JPG;35_L_i12_155.JPG;35;0;1019;1478;1986;2445;967
0;35_L_i12_194.JPG;35_L_i12_155.JPG;35;0;1019;1478;1986;2445;967
0;45_L_i12_214.JPG;45_L_i12_206.JPG;45;0;1019;1478;1986;2445;967
0;45_L_i12_225.JPG;45_L_i12_206.JPG;45;0;1019;1478;1986;2445;967
0;45_L_i12_232.JPG;45_L_i12_206.JPG;45;0;1019;1478;1986;2445;967
0;45_L_i12_254.JPG;45_L_i12_246.JPG;45;0;1019;1478;1986;2445;967
0;45_L_i12_264.JPG;45_L_i12_246.JPG;45;0;1019;1478;1986;2445;967
0;45_L_i12_272.JPG;45_L_i12_246.JPG;45;0;1019;1478;1986;2445;967
0;45_L_i12_284.JPG;45_L_i12_246.JPG;45;0;1019;1478;1986;2445;967
0;55_L_i12_304.JPG;55_L_i12_294.JPG;55;0;1019;1478;1986;2445;967
0;55_L_i12_314.JPG;55_L_i12_294.JPG;55;0;1019;1478;1986;2445;967
0;55_L_i12_326.JPG;55_L_i12_294.JPG;55;0;1019;1478;1986;2445;967
0;55_L_i12_346.JPG;55_L_i12_333.JPG;55;0;1019;1478;1986;2445;967
0;55_L_i12_354.JPG;55_L_i12_333.JPG;55;0;1019;1478;1986;2445;967
0;55_L_i12_363.JPG;55_L_i12_333.JPG;55;0;1019;1478;1986;2445;967
0;55_L_i12_375.JPG;55_L_i12_333.JPG;55;0;1019;1478;1986;2445;967
0;55_L_i12_382.JPG;55_L_i12_333.JPG;55;0;1019;1478;1986;2445;967
0;65_L_i12_403.JPG;65_L_i12_395.JPG;65;0;1019;1478;1986;2445;967
0;65_L_i12_415.JPG;65_L_i12_395.JPG;65;0;1019;1478;1986;2445;967
0;65_L_i12_426.JPG;65_L_i12_395.JPG;65;0;1019;1478;1986;2445;967
0;65_L_i12_437.JPG;65_L_i12_395.JPG;65;0;1019;1478;1986;2445;967
0;65_L_i12_456.JPG;65_L_i12_447.JPG;65;0;1019;1478;1986;2445;967
0;65_L_i12_463.JPG;65_L_i12_447.JPG;65;0;1019;1478;1986;2445;967
0;65_L_i12_475.JPG;65_L_i12_447.JPG;65;0;1019;1478;1986;2445;967
0;75_L_i12_496.JPG;75_L_i12_483.JPG;75;0;1019;1478;1986;2445;967
0;75_L_i12_507.JPG;75_L_i12_483.JPG;75;0;1019;1478;1986;2445;967
0;75_L_i12_517.JPG;75_L_i12_483.JPG;75;0;1019;1478;1986;2445;967
0;75_L_i12_525.JPG;75_L_i12_483.JPG;75;0;1019;1478;1986;2445;967
0;25_F_i12_565.JPG;25_F_i12_564.JPG;25;1;1004;1558;1984;2538;980
0;25_F_i12_566.JPG;25_F_i12_564.JPG;25;1;1004;1558;1984;2538;980
0;25_F_i12_567.JPG;25_F_i12_564.JPG;25;1;1004;1558;1984;2538;980
0;25_F_i12_568.JPG;25_F_i12_564.JPG;25;1;1004;1558;1984;2538;980
0;25_F_i12_570.JPG;25_F_i12_569.JPG;25;1;1004;1558;1984;2538;980
0;25_F_i12_571.JPG;25_F_i12_569.JPG;25;1;1004;1558;1984;2538;980
0;25_F_i12_572.JPG;25_F_i12_569.JPG;25;1;1004;1558;1984;2538;980
0;35_F_i12_556.JPG;35_F_i12_555.JPG;35;1;1004;1558;1984;2538;980
0;35_F_i12_557.JPG;35_F_i12_555.JPG;35;1;1004;1558;1984;2538;980
0;35_F_i12_558.JPG;35_F_i12_555.JPG;35;1;1004;1558;1984;2538;980
0;35_F_i12_560.JPG;35_F_i12_559.JPG;35;1;1004;1558;1984;2538;980
0;35_F_i12_561.JPG;35_F_i12_559.JPG;35;1;1004;1558;1984;2538;980
0;35_F_i12_562.JPG;35_F_i12_559.JPG;35;1;1004;1558;1984;2538;980
0;35_F_i12_563.JPG;35_F_i12_559.JPG;35;1;1004;1558;1984;2538;980
0;45_F_i12_551.JPG;45_F_i12_550.JPG;45;1;1004;1558;1984;2538;980
0;45_F_i12_552.JPG;45_F_i12_550.JPG;45;1;1004;1558;1984;2538;980
0;45_F_i12_553.JPG;45_F_i12_550.JPG;45;1;1004;1558;1984;2538;980
0;45_F_i12_554.JPG;45_F_i12_550.JPG;45;1;1004;1558;1984;2538;980
0;55_F_i12_546.JPG;55_F_i12_545.JPG;55;1;1004;1558;1984;2538;980
0;55_F_i12_547.JPG;55_F_i12_545.JPG;55;1;1004;1558;1984;2538;980
0;55_F_i12_548.JPG;55_F_i12_545.JPG;55;1;1004;1558;1984;2538;980
0;55_F_i12_549.JPG;55_F_i12_545.JPG;55;1;1004;1558;1984;2538;980
0;65_F_i12_536.JPG;65_F_i12_535.JPG;65;1;1004;1558;1984;2538;980
0;65_F_i12_537.JPG;65_F_i12_535.JPG;65;1;1004;1558;1984;2538;980
0;65_F_i12_538.JPG;65_F_i12_535.JPG;65;1;1004;1558;1984;2538;980
0;65_F_i12_540.JPG;65_F_i12_539.JPG;65;1;1004;1558;1984;2538;980
0;65_F_i12_541.JPG;65_F_i12_539.JPG;65;1;1004;1558;1984;2538;980
0;65_F_i12_542.JPG;65_F_i12_539.JPG;65;1;1004;1558;1984;2538;980
0;65_F_i12_543.JPG;65_F_i12_539.JPG;65;1;1004;1558;1984;2538;980
0;65_F_i12_543.JPG;65_F_i12_539.JPG;65;1;1004;1558;1984;2538;980
0;75_F_i12_531.JPG;75_F_i12_530.JPG;75;1;1004;1558;1984;2538;980
0;75_F_i12_532.JPG;75_F_i12_530.JPG;75;1;1004;1558;1984;2538;980
0;75_F_i12_533.JPG;75_F_i12_530.JPG;75;1;1004;1558;1984;2538;980
0;75_F_i12_534.JPG;75_F_i12_530.JPG;75;1;1004;1558;1984;2538;980
4;IMG_20220214_191621.jpg;IMG_20220214_191634.jpg;65;1;1695;1146;2496;1947;801
4;IMG_20220214_191630.jpg;IMG_20220214_191634.jpg;65;1;1695;1146;2496;1947;801
4;IMG_20220214_191648.jpg;IMG_20220214_191634.jpg;65;1;1695;1146;2496;1947;801
4;IMG_20220214_191805.jpg;IMG_20220214_191634.jpg;65;1;1695;1146;2496;1947;801
4;IMG_20220214_191828.jpg;IMG_20220214_191634.jpg;65;1;1695;1146;2496;1947;801
4;IMG_20220214_191901.jpg;IMG_20220214_191634.jpg;65;1;1695;1146;2496;1947;801
4;IMG_20220214_191906.jpg;IMG_20220214_191634.jpg;65;1;1695;1146;2496;1947;801
4;IMG_20220214_191917.jpg;IMG_20220214_191634.jpg;65;1;1695;1146;2496;1947;801
4;IMG_20220214_191929.jpg;IMG_20220214_191634.jpg;65;1;1695;1146;2496;1947;801
4;IMG_20220214_191940.jpg;IMG_20220214_191634.jpg;65;1;1695;1146;2496;1947;801
4;IMG_20220214_192039.jpg;IMG_20220214_191634.jpg;65;1;1695;1146;2496;1947;801
4;IMG_20220214_192050.jpg;IMG_20220214_191634.jpg;65;1;1695;1146;2496;1947;801
4;IMG_20220214_192104.jpg;IMG_20220214_191634.jpg;65;1;1695;1146;2496;1947;801
4;IMG_20220214_192118.jpg;IMG_20220214_191634.jpg;65;1;1695;1146;2496;1947;801
4;IMG_20220214_192127.jpg;IMG_20220214_191634.jpg;65;1;1695;1146;2496;1947;801
4;IMG_20220214_192422.jpg;IMG_20220214_191634.jpg;65;1;1695;1146;2496;1947;801
4;IMG_20220214_192432.jpg;IMG_20220214_191634.jpg;65;1;1695;1146;2496;1947;801
4;IMG_20220214_192443.jpg;IMG_20220214_191634.jpg;65;1;1695;1146;2496;1947;801
4;IMG_20220214_192450.jpg;IMG_20220214_191634.jpg;65;1;1695;1146;2496;1947;801
4;IMG_20220214_192522.jpg;IMG_20220214_191634.jpg;65;1;1695;1146;2496;1947;801
4;IMG_20220214_192739.jpg;IMG_20220214_192754.jpg;55;1;1695;1146;2496;1947;801
4;IMG_20220214_192749.jpg;IMG_20220214_192754.jpg;55;1;1695;1146;2496;1947;801
4;IMG_20220214_192803.jpg;IMG_20220214_192754.jpg;55;1;1695;1146;2496;1947;801
4;IMG_20220214_192819.jpg;IMG_20220214_192754.jpg;55;1;1695;1146;2496;1947;801
4;IMG_20220214_192910.jpg;IMG_20220214_192754.jpg;55;1;1695;1146;2496;1947;801
4;IMG_20220214_192926.jpg;IMG_20220214_192754.jpg;55;1;1695;1146;2496;1947;801
4;IMG_20220214_192949.jpg;IMG_20220214_192754.jpg;55;1;1695;1146;2496;1947;801
4;IMG_20220214_193006.jpg;IMG_20220214_192754.jpg;55;1;1695;1146;2496;1947;801
4;IMG_20220214_193035.jpg;IMG_20220214_193020.jpg;55;1;1695;1146;2496;1947;801
4;IMG_20220214_193044.jpg;IMG_20220214_193020.jpg;55;1;1695;1146;2496;1947;801
4;IMG_20220214_193054.jpg;IMG_20220214_193020.jpg;55;1;1695;1146;2496;1947;801
4;IMG_20220214_193108.jpg;IMG_20220214_193020.jpg;55;1;1695;1146;2496;1947;801
4;IMG_20220214_193118.jpg;IMG_20220214_193020.jpg;55;1;1695;1146;2496;1947;801
4;IMG_20220214_193201.jpg;IMG_20220214_193137.jpg;55;1;1695;1146;2496;1947;801
4;IMG_20220214_193218.jpg;IMG_20220214_193137.jpg;55;1;1695;1146;2496;1947;801
4;IMG_20220214_193233.jpg;IMG_20220214_193137.jpg;55;1;1695;1146;2496;1947;801
4;IMG_20220214_193245.jpg;IMG_20220214_193137.jpg;55;1;1695;1146;2496;1947;801
4;IMG_20220214_193300.jpg;IMG_20220214_193137.jpg;55;1;1695;1146;2496;1947;801
4;IMG_20220214_193324.jpg;IMG_20220214_193137.jpg;55;1;1695;1146;2496;1947;801
4;IMG_20220214_193656.jpg;IMG_20220214_193641.jpg;75;1;1695;1146;2496;1947;801
4;IMG_20220214_193707.jpg;IMG_20220214_193641.jpg;75;1;1695;1146;2496;1947;801
4;IMG_20220214_193719.jpg;IMG_20220214_193641.jpg;75;1;1695;1146;2496;1947;801
4;IMG_20220214_193735.jpg;IMG_20220214_193641.jpg;75;1;1695;1146;2496;1947;801
4;IMG_20220214_193753.jpg;IMG_20220214_193641.jpg;75;1;1695;1146;2496;1947;801
4;IMG_20220214_193811.jpg;IMG_20220214_193641.jpg;75;1;1695;1146;2496;1947;801
4;IMG_20220214_193824.jpg;IMG_20220214_193641.jpg;75;1;1695;1146;2496;1947;801
4;IMG_20220214_193835.jpg;IMG_20220214_193641.jpg;75;1;1695;1146;2496;1947;801
4;IMG_20220214_193917.jpg;IMG_20220214_193641.jpg;75;1;1695;1146;2496;1947;801
4;IMG_20220214_193927.jpg;IMG_20220214_193641.jpg;75;1;1695;1146;2496;1947;801
4;IMG_20220214_193939.jpg;IMG_20220214_193931.jpg;75;1;1695;1146;2496;1947;801
4;IMG_20220214_193948.jpg;IMG_20220214_193931.jpg;75;1;1695;1146;2496;1947;801
4;IMG_20220214_194113.jpg;IMG_20220214_194101.jpg;45;1;1695;1146;2496;1947;801
4;IMG_20220214_194130.jpg;IMG_20220214_194101.jpg;45;1;1695;1146;2496;1947;801
4;IMG_20220214_194140.jpg;IMG_20220214_194101.jpg;45;1;1695;1146;2496;1947;801
4;IMG_20220214_194156.jpg;IMG_20220214_194101.jpg;45;1;1695;1146;2496;1947;801
4;IMG_20220214_194249.jpg;IMG_20220214_194239.jpg;45;1;1695;1146;2496;1947;801
4;IMG_20220214_194303.jpg;IMG_20220214_194239.jpg;45;1;1695;1146;2496;1947;801
4;IMG_20220214_194315.jpg;IMG_20220214_194239.jpg;45;1;1695;1146;2496;1947;801
4;IMG_20220214_194330.jpg;IMG_20220214_194239.jpg;45;1;1695;1146;2496;1947;801
4;IMG_20220214_194440.jpg;IMG_20220214_194239.jpg;45;1;1695;1146;2496;1947;801
4;IMG_20220214_194456.jpg;IMG_20220214_194239.jpg;45;1;1695;1146;2496;1947;801
4;IMG_20220214_194509.jpg;IMG_20220214_194239.jpg;45;1;1695;1146;2496;1947;801
4;IMG_20220214_194525.jpg;IMG_20220214_194239.jpg;45;1;1695;1146;2496;1947;801
4;IMG_20220214_194712.jpg;IMG_20220214_194657.jpg;35;1;1695;1146;2496;1947;801
4;IMG_20220214_194723.jpg;IMG_20220214_194657.jpg;35;1;1695;1146;2496;1947;801
4;IMG_20220214_194736.jpg;IMG_20220214_194657.jpg;35;1;1695;1146;2496;1947;801
4;IMG_20220214_194750.jpg;IMG_20220214_194657.jpg;35;1;1695;1146;2496;1947;801
4;IMG_20220214_194815.jpg;IMG_20220214_194801.jpg;35;1;1695;1146;2496;1947;801
4;IMG_20220214_194836.jpg;IMG_20220214_194801.jpg;35;1;1695;1146;2496;1947;801
4;IMG_20220214_194850.jpg;IMG_20220214_194801.jpg;35;1;1695;1146;2496;1947;801
4;IMG_20220214_194900.jpg;IMG_20220214_194801.jpg;35;1;1695;1146;2496;1947;801
4;IMG_20220214_194910.jpg;IMG_20220214_194801.jpg;35;1;1695;1146;2496;1947;801
4;IMG_20220214_194945.jpg;IMG_20220214_194801.jpg;35;1;1695;1146;2496;1947;801
4;IMG_20220214_194957.jpg;IMG_20220214_194801.jpg;35;1;1695;1146;2496;1947;801
4;IMG_20220214_195010.jpg;IMG_20220214_194801.jpg;35;1;1695;1146;2496;1947;801
4;IMG_20220214_195026.jpg;IMG_20220214_195017.jpg;35;1;1695;1146;2496;1947;801
4;IMG_20220214_195035.jpg;IMG_20220214_195017.jpg;35;1;1695;1146;2496;1947;801
4;IMG_20220214_195315.jpg;IMG_20220214_195258.jpg;25;1;1695;1146;2496;1947;801
4;IMG_20220214_195337.jpg;IMG_20220214_195258.jpg;25;1;1695;1146;2496;1947;801
4;IMG_20220214_195355.jpg;IMG_20220214_195258.jpg;25;1;1695;1146;2496;1947;801
4;IMG_20220214_195432.jpg;IMG_20220214_195258.jpg;25;1;1695;1146;2496;1947;801
4;IMG_20220214_195538.jpg;IMG_20220214_195258.jpg;25;1;1695;1146;2496;1947;801
4;IMG_20220214_195610.jpg;IMG_20220214_195603.jpg;25;1;1695;1146;2496;1947;801
4;IMG_20220214_195628.jpg;IMG_20220214_195603.jpg;25;1;1695;1146;2496;1947;801
4;IMG_20220214_195644.jpg;IMG_20220214_195603.jpg;25;1;1695;1146;2496;1947;801
4;IMG_20220214_195708.jpg;IMG_20220214_195603.jpg;25;1;1695;1146;2496;1947;801
4;IMG_20220214_195854.jpg;IMG_20220214_195845.jpg;25;1;1695;1146;2496;1947;801
4;IMG_20220214_195918.jpg;IMG_20220214_195910.jpg;25;1;1695;1146;2496;1947;801
4;IMG_20220214_195937.jpg;IMG_20220214_195910.jpg;25;1;1695;1146;2496;1947;801
4;IMG_20220214_195949.jpg;IMG_20220214_195910.jpg;25;1;1695;1146;2496;1947;801
4;IMG_20220214_200024.jpg;IMG_20220214_195910.jpg;25;1;1695;1146;2496;1947;801
4;25_5A_flash_194449.jpg;25_5A_flash_194434.jpg;25;1;1127;1722;1990;2585;863
4;25_5A_flash_194505.jpg;25_5A_flash_194434.jpg;25;1;1127;1722;1990;2585;863
4;25_5A_flash_194524.jpg;25_5A_flash_194434.jpg;25;1;1127;1722;1990;2585;863
4;25_5A_flash_194543.jpg;25_5A_flash_194434.jpg;25;1;1127;1722;1990;2585;863
4;25_5A_flash_194603.jpg;25_5A_flash_194434.jpg;25;1;1127;1722;1990;2585;863
4;35_5A_flash_193923.jpg;35_5A_flash_193904.jpg;35;1;1127;1722;1990;2585;863
4;35_5A_flash_194036.jpg;35_5A_flash_193904.jpg;35;1;1127;1722;1990;2585;863
4;35_5A_flash_194052.jpg;35_5A_flash_193904.jpg;35;1;1127;1722;1990;2585;863
4;35_5A_flash_194108.jpg;35_5A_flash_193904.jpg;35;1;1127;1722;1990;2585;863
4;35_5A_flash_194219.jpg;35_5A_flash_194202.jpg;35;1;1127;1722;1990;2585;863
4;35_5A_flash_194240.jpg;35_5A_flash_194202.jpg;35;1;1127;1722;1990;2585;863
4;35_5A_flash_194302.jpg;35_5A_flash_194202.jpg;35;1;1127;1722;1990;2585;863
4;35_5A_flash_194319.jpg;35_5A_flash_194202.jpg;35;1;1127;1722;1990;2585;863
4;35_5A_flash_200850.jpg;35_5A_flash_200832.jpg;35;1;1127;1722;1990;2585;863
4;35_5A_flash_200916.jpg;35_5A_flash_200832.jpg;35;1;1127;1722;1990;2585;863
4;35_5A_flash_200938.jpg;35_5A_flash_200832.jpg;35;1;1127;1722;1990;2585;863
4;35_5A_flash_200956.jpg;35_5A_flash_200832.jpg;35;1;1127;1722;1990;2585;863
4;45_5A_flash_193716.jpg;45_5A_flash_193633.jpg;45;1;1127;1722;1990;2585;863
4;45_5A_flash_193734.jpg;45_5A_flash_193633.jpg;45;1;1127;1722;1990;2585;863
4;45_5A_flash_193754.jpg;45_5A_flash_193633.jpg;45;1;1127;1722;1990;2585;863
4;45_5A_flash_193816.jpg;45_5A_flash_193633.jpg;45;1;1127;1722;1990;2585;863
4;45_5A_flash_200626.jpg;45_5A_flash_200613.jpg;45;1;1127;1722;1990;2585;863
4;45_5A_flash_200641.jpg;45_5A_flash_200613.jpg;45;1;1127;1722;1990;2585;863
4;45_5A_flash_200659.jpg;45_5A_flash_200613.jpg;45;1;1127;1722;1990;2585;863
4;45_5A_flash_200715.jpg;45_5A_flash_200613.jpg;45;1;1127;1722;1990;2585;863
4;55_5A_flash_193209.jpg;55_5A_flash_193157.jpg;55;1;1127;1722;1990;2585;863
4;55_5A_flash_193226.jpg;55_5A_flash_193157.jpg;55;1;1127;1722;1990;2585;863
4;55_5A_flash_193246.jpg;55_5A_flash_193157.jpg;55;1;1127;1722;1990;2585;863
4;55_5A_flash_193303.jpg;55_5A_flash_193157.jpg;55;1;1127;1722;1990;2585;863
4;55_5A_flash_193433.jpg;55_5A_flash_193423.jpg;55;1;1127;1722;1990;2585;863
4;55_5A_flash_193451.jpg;55_5A_flash_193423.jpg;55;1;1127;1722;1990;2585;863
4;55_5A_flash_193510.jpg;55_5A_flash_193423.jpg;55;1;1127;1722;1990;2585;863
4;65_5A_flash_192428.jpg;65_5A_flash_192342.jpg;65;1;1127;1722;1990;2585;863
4;65_5A_flash_192443.jpg;65_5A_flash_192342.jpg;65;1;1127;1722;1990;2585;863
4;65_5A_flash_192508.jpg;65_5A_flash_192342.jpg;65;1;1127;1722;1990;2585;863
4;65_5A_flash_192524.jpg;65_5A_flash_192342.jpg;65;1;1127;1722;1990;2585;863
4;65_5A_flash_192645.jpg;65_5A_flash_192630.jpg;65;1;1127;1722;1990;2585;863
4;65_5A_flash_192705.jpg;65_5A_flash_192630.jpg;65;1;1127;1722;1990;2585;863
4;65_5A_flash_192726.jpg;65_5A_flash_192630.jpg;65;1;1127;1722;1990;2585;863
4;65_5A_flash_192748.jpg;65_5A_flash_192630.jpg;65;1;1127;1722;1990;2585;863
4;65_5A_flash_192852.jpg;65_5A_flash_192834.jpg;65;1;1127;1722;1990;2585;863
4;65_5A_flash_192910.jpg;65_5A_flash_192834.jpg;65;1;1127;1722;1990;2585;863
4;65_5A_flash_193015.jpg;65_5A_flash_192834.jpg;65;1;1127;1722;1990;2585;863
4;65_5A_flash_193054.jpg;65_5A_flash_193034.jpg;65;1;1127;1722;1990;2585;863
4;75_5A_flash_194712.jpg;75_5A_flash_194700.jpg;75;1;1127;1722;1990;2585;863
4;75_5A_flash_194744.jpg;75_5A_flash_194700.jpg;75;1;1127;1722;1990;2585;863
4;75_5A_flash_194809.jpg;75_5A_flash_194700.jpg;75;1;1127;1722;1990;2585;863
4;75_5A_flash_194832.jpg;75_5A_flash_194700.jpg;75;1;1127;1722;1990;2585;863
4;75_5A_flash_194848.jpg;75_5A_flash_194700.jpg;75;1;1127;1722;1990;2585;863
4;75_5A_flash_194905.jpg;75_5A_flash_194700.jpg;75;1;1127;1722;1990;2585;863
4;75_5A_flash_194931.jpg;75_5A_flash_194700.jpg;75;1;1127;1722;1990;2585;863
2;25_2_F_IPHONE8_1.JPG;2_F_IPHONE8_1.JPG;25;1;1543;1060;2479;1996;936
2;25_3_F_IPHONE8_1.JPG;3_F_IPHONE8_1.JPG;25;1;1543;1060;2479;1996;936
2;35_2_F_IPHONE8_1.JPG;2_F_IPHONE8_1.JPG;35;1;1543;1060;2479;1996;936
2;35_3_F_IPHONE8_1.JPG;3_F_IPHONE8_1.JPG;35;1;1543;1060;2479;1996;936
2;45_2_F_IPHONE8_1.JPG;2_F_IPHONE8_1.JPG;45;1;1543;1060;2479;1996;936
2;45_3_F_IPHONE8_1.JPG;3_F_IPHONE8_1.JPG;45;1;1543;1060;2479;1996;936
2;55_2_F_IPHONE8_1.JPG;2_F_IPHONE8_1.JPG;55;1;1543;1060;2479;1996;936
2;55_3_F_IPHONE8_1.JPG;3_F_IPHONE8_1.JPG;55;1;1543;1060;2479;1996;936
2;65_2_F_IPHONE8_1.JPG;2_F_IPHONE8_1.JPG;65;1;1543;1060;2479;1996;936
2;65_3_F_IPHONE8_1.JPG;3_F_IPHONE8_1.JPG;65;1;1543;1060;2479;1996;936
2;75_2_F_IPHONE8_1.JPG;2_F_IPHONE8_1.JPG;75;1;1543;1060;2479;1996;936
2;75_3_F_IPHONE8_1.JPG;3_F_IPHONE8_1.JPG;75;1;1543;1060;2479;1996;936
2;25_2_L_IPHONE8_2.JPG;2_L_IPHONE8_2.JPG;25;0;1527;1100;2431;2004;904
2;25_3_L_IPHONE8_2.JPG;3_L_IPHONE8_2.JPG;25;0;1527;1100;2431;2004;904
2;35_2_L_IPHONE8_2.JPG;2_L_IPHONE8_2.JPG;35;0;1527;1100;2431;2004;904
2;35_3_L_IPHONE8_2.JPG;3_L_IPHONE8_2.JPG;35;0;1527;1100;2431;2004;904
2;45_2_L_IPHONE8_2.JPG;2_L_IPHONE8_2.JPG;45;0;1527;1100;2431;2004;904
2;45_3_L_IPHONE8_2.JPG;3_L_IPHONE8_2.JPG;45;0;1527;1100;2431;2004;904
2;55_2_L_IPHONE8_2.JPG;2_L_IPHONE8_2.JPG;55;0;1527;1100;2431;2004;904
2;55_3_L_IPHONE8_2.JPG;3_L_IPHONE8_2.JPG;55;0;1527;1100;2431;2004;904
2;65_2_L_IPHONE8_2.JPG;2_L_IPHONE8_2.JPG;65;0;1527;1100;2431;2004;904
2;65_3_L_IPHONE8_2.JPG;3_L_IPHONE8_2.JPG;65;0;1527;1100;2431;2004;904
2;75_3_L_IPHONE8_2.JPG;3_L_IPHONE8_2.JPG;75;0;1527;1100;2431;2004;904
6;25_2_F_MI9_1.JPG;2_F_MI9_1.JPG;25;1;1479;687;2282;1490;803
6;25_3_F_MI9_1.JPG;3_F_MI9_1.JPG;25;1;1479;687;2282;1490;803
6;35_2_F_MI9_1.JPG;2_F_MI9_1.JPG;35;1;1479;687;2282;1490;803
6;35_3_F_MI9_1.JPG;3_F_MI9_1.JPG;35;1;1479;687;2282;1490;803
6;45_2_F_MI9_1.JPG;2_F_MI9_1.JPG;45;1;1479;687;2282;1490;803
6;45_3_F_MI9_1.JPG;3_F_MI9_1.JPG;45;1;1479;687;2282;1490;803
6;55_2_F_MI9_1.JPG;2_F_MI9_1.JPG;55;1;1479;687;2282;1490;803
6;55_3_F_MI9_1.JPG;3_F_MI9_1.JPG;55;1;1479;687;2282;1490;803
6;65_2_F_MI9_1.JPG;2_F_MI9_1.JPG;65;1;1479;687;2282;1490;803
6;65_3_F_MI9_1.JPG;3_F_MI9_1.JPG;65;1;1479;687;2282;1490;803
6;75_2_F_MI9_1.JPG;2_F_MI9_1.JPG;75;1;1479;687;2282;1490;803
6;75_3_F_MI9_1.JPG;3_F_MI9_1.JPG;75;1;1479;687;2282;1490;803
6;25_2_L_MI9_2.JPG;2_L_MI9_2.JPG;25;0;1499;689;2339;1529;840
6;25_3_L_MI9_2.JPG;3_L_MI9_2.JPG;25;0;1499;689;2339;1529;840
6;35_2_L_MI9_2.JPG;2_L_MI9_2.JPG;35;0;1499;689;2339;1529;840
6;35_3_L_MI9_2.JPG;3_L_MI9_2.JPG;35;0;1499;689;2339;1529;840
6;45_2_L_MI9_2.JPG;2_L_MI9_2.JPG;45;0;1499;689;2339;1529;840
6;45_3_L_MI9_2.JPG;3_L_MI9_2.JPG;45;0;1499;689;2339;1529;840
6;55_2_L_MI9_2.JPG;2_L_MI9_2.JPG;55;0;1499;689;2339;1529;840
6;55_3_L_MI9_2.JPG;3_L_MI9_2.JPG;55;0;1499;689;2339;1529;840
6;65_2_L_MI9_2.JPG;2_L_MI9_2.JPG;65;0;1499;689;2339;1529;840
6;65_3_L_MI9_2.JPG;3_L_MI9_2.JPG;65;0;1499;689;2339;1529;840
6;75_2_L_MI9_2.JPG;2_L_MI9_2.JPG;75;0;1499;689;2339;1529;840
6;75_3_L_MI9_2.JPG;3_L_MI9_2.JPG;75;0;1499;689;2339;1529;840
4;IMG_20211125_090951.jpg;IMG_20211125_100722.jpg;25;0;1375;914;1955;1494;580
4;IMG_20211125_091115.jpg;IMG_20211125_100722.jpg;35;0;1375;914;1955;1494;580
4;IMG_20211125_091315.jpg;IMG_20211125_100722.jpg;45;0;1375;914;1955;1494;580
4;IMG_20211125_091414.jpg;IMG_20211125_100722.jpg;55;0;1375;914;1955;1494;580
4;IMG_20211125_100441.jpg;IMG_20211125_100722.jpg;75;0;1375;914;1955;1494;580
4;IMG_20211125_100549.jpg;IMG_20211125_100722.jpg;65;0;1375;914;1955;1494;580
4;IMG_20211125_090937.jpg;IMG_20211125_100733.jpg;25;1;1379;938;1967;1526;588
4;IMG_20211125_091130.jpg;IMG_20211125_100733.jpg;35;1;1379;938;1967;1526;588
4;IMG_20211125_091305.jpg;IMG_20211125_100733.jpg;45;1;1379;938;1967;1526;588
4;IMG_20211125_091426.jpg;IMG_20211125_100733.jpg;55;1;1379;938;1967;1526;588
4;IMG_20211125_100414.jpg;IMG_20211125_100733.jpg;75;1;1379;938;1967;1526;588
4;IMG_20211125_100610.jpg;IMG_20211125_100733.jpg;65;1;1379;938;1967;1526;588
6;PXL_20211125_113703159.jpg;PXL_20211125_114737689.jpg;25;1;1604;1104;2351;1851;747
6;PXL_20211125_113833830.jpg;PXL_20211125_114737689.jpg;25;1;1604;1104;2351;1851;747
6;PXL_20211125_114129005.jpg;PXL_20211125_114737689.jpg;35;1;1604;1104;2351;1851;747
6;PXL_20211125_114311082.jpg;PXL_20211125_114737689.jpg;45;1;1604;1104;2351;1851;747
6;PXL_20211125_114605131.jpg;PXL_20211125_114737689.jpg;55;1;1604;1104;2351;1851;747
6;PXL_20211125_114930454.jpg;PXL_20211125_114737689.jpg;65;1;1604;1104;2351;1851;747
6;PXL_20211125_115119396.jpg;PXL_20211125_114737689.jpg;75;1;1604;1104;2351;1851;747
6;PXL_20211125_132611150.jpg;PXL_20211125_114737689.jpg;25;1;1604;1104;2351;1851;747
6;PXL_20211125_132621754.jpg;PXL_20211125_114737689.jpg;25;1;1604;1104;2351;1851;747
6;PXL_20211125_113906972.jpg;PXL_20211125_114754300.jpg;25;0;1591;1126;2365;1900;774
6;PXL_20211125_114115236.jpg;PXL_20211125_114754300.jpg;35;0;1591;1126;2365;1900;774
6;PXL_20211125_114328473.jpg;PXL_20211125_114754300.jpg;45;0;1591;1126;2365;1900;774
6;PXL_20211125_114544513.jpg;PXL_20211125_114754300.jpg;55;0;1591;1126;2365;1900;774
6;PXL_20211125_114915473.jpg;PXL_20211125_114754300.jpg;65;0;1591;1126;2365;1900;774
6;PXL_20211125_115137316.jpg;PXL_20211125_114754300.jpg;75;0;1591;1126;2365;1900;774
2;IMG_0249.JPG;IMG_0309.JPG;65;1;1643;1088;2447;1892;804
2;IMG_0250.JPG;IMG_0309.JPG;55;1;1643;1088;2447;1892;804
2;IMG_0272.JPG;IMG_0309.JPG;45;1;1643;1088;2447;1892;804
2;IMG_0273.JPG;IMG_0309.JPG;35;1;1643;1088;2447;1892;804
2;IMG_0299.JPG;IMG_0309.JPG;25;1;1643;1088;2447;1892;804
2;IMG_0352.JPG;IMG_0309.JPG;75;1;1643;1088;2447;1892;804
2;IMG_0248.JPG;IMG_0330.JPG;65;0;1563;1117;2370;1924;807
2;IMG_0260.JPG;IMG_0330.JPG;55;0;1563;1117;2370;1924;807
2;IMG_0271.JPG;IMG_0330.JPG;45;0;1563;1117;2370;1924;807
2;IMG_0283.JPG;IMG_0330.JPG;35;0;1563;1117;2370;1924;807
2;IMG_0293.JPG;IMG_0330.JPG;25;0;1563;1117;2370;1924;807
2;IMG_0351.JPG;IMG_0330.JPG;75;0;1563;1117;2370;1924;807
3;IMG_20211125_093711457.jpg;IMG_20211125_093537282.jpg;25;0;1603;1141;2351;1889;748
3;IMG_20211125_093851426.jpg;IMG_20211125_093537282.jpg;35;0;1603;1141;2351;1889;748
3;IMG_20211125_094000541.jpg;IMG_20211125_093537282.jpg;45;0;1603;1141;2351;1889;748
3;IMG_20211125_094143428.jpg;IMG_20211125_093537282.jpg;55;0;1603;1141;2351;1889;748
3;IMG_20211125_094249447.jpg;IMG_20211125_093537282.jpg;65;0;1603;1141;2351;1889;748
3;IMG_20211125_094427778.jpg;IMG_20211125_093537282.jpg;75;0;1603;1141;2351;1889;748
3;IMG_20211125_093719410.jpg;IMG_20211125_093511889.jpg;25;1;1643;1140;2355;1852;712
3;IMG_20211125_093839278.jpg;IMG_20211125_093511889.jpg;35;1;1643;1140;2355;1852;712
3;IMG_20211125_094010155.jpg;IMG_20211125_093511889.jpg;45;1;1643;1140;2355;1852;712
3;IMG_20211125_094134027.jpg;IMG_20211125_093511889.jpg;55;1;1643;1140;2355;1852;712
3;IMG_20211125_094301028.jpg;IMG_20211125_093511889.jpg;65;1;1643;1140;2355;1852;712
3;IMG_20211125_094418745.jpg;IMG_20211125_093511889.jpg;75;1;1643;1140;2355;1852;712
